datemissao;nudeputadoid;nulegislatura;numano;nummes;sgpartido;txnomeparlamentar;txtdescricao;txtdescricaoespecificacao;txtfornecedor;vlrdocumento
07/02/2018 00:00;3011;2015;2018;2;PPS;ALEX MANENTE;Emissão Bilhete Aéreo;;Cia Aérea - TAM;170
07/02/2018 00:00;3011;2015;2018;2;PPS;ALEX MANENTE;Emissão Bilhete Aéreo;;Cia Aérea - TAM;170
07/02/2018 00:00;3011;2015;2018;2;PPS;ALEX MANENTE;Emissão Bilhete Aéreo;;Cia Aérea - TAM;170
08/02/2018 00:00;3011;2015;2018;2;PPS;ALEX MANENTE;Emissão Bilhete Aéreo;;Cia Aérea - TAM;170
29/03/2018 00:00;2373;2015;2018;3;DEM;ALEXANDRE LEITE;MANUTENÇÃO DE ESCRITÓRIO DE APOIO À ATIVIDADE PARLAMENTAR;;BAZAR E PAPELARIA LEBLON LTDA;6618
31/01/2018 00:00;2373;2015;2018;1;DEM;ALEXANDRE LEITE;MANUTENÇÃO DE ESCRITÓRIO DE APOIO À ATIVIDADE PARLAMENTAR;;Bazar e Papelaria Leblon Ltda - EPP;8069
28/02/2018 00:00;2373;2015;2018;2;DEM;ALEXANDRE LEITE;MANUTENÇÃO DE ESCRITÓRIO DE APOIO À ATIVIDADE PARLAMENTAR;;Bazar e Papelaria Leblon Ltda - EPP;981
27/04/2018 00:00;2373;2015;2018;4;DEM;ALEXANDRE LEITE;MANUTENÇÃO DE ESCRITÓRIO DE APOIO À ATIVIDADE PARLAMENTAR;;Bazar e Papelaria Leblon Ltda - EPP;8955
27/04/2018 00:00;2373;2015;2018;4;DEM;ALEXANDRE LEITE;MANUTENÇÃO DE ESCRITÓRIO DE APOIO À ATIVIDADE PARLAMENTAR;;Cassia Silva Lopez de Lima;1290
19/01/2018 00:00;2373;2015;2018;1;DEM;ALEXANDRE LEITE;MANUTENÇÃO DE ESCRITÓRIO DE APOIO À ATIVIDADE PARLAMENTAR;;CASSIA SILVA LOPEZ DE LIMA - ME;88656
01/02/2018 00:00;2373;2015;2018;2;DEM;ALEXANDRE LEITE;MANUTENÇÃO DE ESCRITÓRIO DE APOIO À ATIVIDADE PARLAMENTAR;;CASSIA SILVA LOPEZ DE LIMA - ME;75845
26/03/2018 00:00;2373;2015;2018;3;DEM;ALEXANDRE LEITE;MANUTENÇÃO DE ESCRITÓRIO DE APOIO À ATIVIDADE PARLAMENTAR;;Grafica Arte Relevo Ltda;170
08/02/2018 00:00;2373;2015;2018;2;DEM;ALEXANDRE LEITE;MANUTENÇÃO DE ESCRITÓRIO DE APOIO À ATIVIDADE PARLAMENTAR;;Kalunga Comercio e Industria Grafica Ltda;3168
24/05/2018 00:00;2373;2015;2018;5;DEM;ALEXANDRE LEITE;MANUTENÇÃO DE ESCRITÓRIO DE APOIO À ATIVIDADE PARLAMENTAR;;Kalunga Comercio e Industria Grafica Ltda;272
01/03/2018 00:00;2373;2015;2018;3;DEM;ALEXANDRE LEITE;COMBUSTÍVEIS E LUBRIFICANTES.;Veículos Automotores;AUTO POSTO DOM ALIPIO DE PRESIDENTE EPITACIO LTDA;142
04/06/2018 00:00;2373;2015;2018;6;DEM;ALEXANDRE LEITE;COMBUSTÍVEIS E LUBRIFICANTES.;Veículos Automotores;Auto Posto Isabella Luiziania Ltda.;115
06/06/2018 00:00;2373;2015;2018;6;DEM;ALEXANDRE LEITE;COMBUSTÍVEIS E LUBRIFICANTES.;Veículos Automotores;Auto Posto Isabella Luiziania Ltda.;11003
16/05/2018 00:00;2373;2015;2018;5;DEM;ALEXANDRE LEITE;COMBUSTÍVEIS E LUBRIFICANTES.;Veículos Automotores;AUTO POSTO J P LIDER LTDA;50
18/05/2018 00:00;2373;2015;2018;5;DEM;ALEXANDRE LEITE;COMBUSTÍVEIS E LUBRIFICANTES.;Veículos Automotores;AUTO POSTO J P LIDER LTDA;11226
09/04/2018 00:00;2373;2015;2018;4;DEM;ALEXANDRE LEITE;COMBUSTÍVEIS E LUBRIFICANTES.;Veículos Automotores;AUTO POSTO LS COMERCIO DE DERIVADOS DE PETROLEO LTDA;100
19/03/2018 00:00;2373;2015;2018;3;DEM;ALEXANDRE LEITE;Emissão Bilhete Aéreo;;Cia Aérea - GOL;-125217
24/01/2018 00:00;2373;2015;2018;1;DEM;ALEXANDRE LEITE;Emissão Bilhete Aéreo;;Cia Aérea - TAM;152773
24/01/2018 00:00;2373;2015;2018;1;DEM;ALEXANDRE LEITE;Emissão Bilhete Aéreo;;Cia Aérea - TAM;67593
07/02/2018 00:00;2373;2015;2018;2;DEM;ALEXANDRE LEITE;Emissão Bilhete Aéreo;;Cia Aérea - TAM;56293
16/02/2018 00:00;2373;2015;2018;2;DEM;ALEXANDRE LEITE;Emissão Bilhete Aéreo;;Cia Aérea - TAM;815
09/02/2018 00:00;2373;2015;2018;2;DEM;ALEXANDRE LEITE;Emissão Bilhete Aéreo;;Cia Aérea - TAM;103617
23/02/2018 00:00;2373;2015;2018;2;DEM;ALEXANDRE LEITE;Emissão Bilhete Aéreo;;Cia Aérea - TAM;185117
30/05/2018 00:00;3085;2015;2018;5;PT;ANA PERUGINI;MANUTENÇÃO DE ESCRITÓRIO DE APOIO À ATIVIDADE PARLAMENTAR;;ADM OFFICE;4000
30/03/2018 00:00;3085;2015;2018;3;PT;ANA PERUGINI;MANUTENÇÃO DE ESCRITÓRIO DE APOIO À ATIVIDADE PARLAMENTAR;;ADM OFFICE CENTRO E NEGOCIOS E APOIO OPERACIONAL A EMPRESAS EIRELI;4000
02/05/2018 00:00;3085;2015;2018;4;PT;ANA PERUGINI;MANUTENÇÃO DE ESCRITÓRIO DE APOIO À ATIVIDADE PARLAMENTAR;;ADM OFFICE CENTRO E NEGOCIOS E APOIO OPERACIONAL A EMPRESAS EIRELI;4000
15/02/2018 00:00;3085;2015;2018;1;PT;ANA PERUGINI;MANUTENÇÃO DE ESCRITÓRIO DE APOIO À ATIVIDADE PARLAMENTAR;;ADM. OFFICE;4000
15/03/2018 00:00;3085;2015;2018;2;PT;ANA PERUGINI;MANUTENÇÃO DE ESCRITÓRIO DE APOIO À ATIVIDADE PARLAMENTAR;;ADM. OFFICE;4000
02/02/2018 00:00;3085;2015;2018;2;PT;ANA PERUGINI;MANUTENÇÃO DE ESCRITÓRIO DE APOIO À ATIVIDADE PARLAMENTAR;;CIA DE SANEAMENTO BASICO DO ESTADO DE SAO PAULO SABESP;8728
04/04/2018 00:00;3085;2015;2018;4;PT;ANA PERUGINI;MANUTENÇÃO DE ESCRITÓRIO DE APOIO À ATIVIDADE PARLAMENTAR;;CIA DE SANEAMENTO BASICO DO ESTADO DE SAO PAULO SABESP;8728
14/07/2009 00:00;1956;2015;2009;7;PSD;WALTER IHOSHI;COMBUSTÍVEIS E LUBRIFICANTES.;Veículos Automotores;AUTO POSTO BARRETOS LTDA;805
25/07/2009 00:00;1956;2015;2009;7;PSD;WALTER IHOSHI;COMBUSTÍVEIS E LUBRIFICANTES.;Veículos Automotores;AUTO POSTO BELA CINTRA LTDA;50
25/10/2009 00:00;1956;2015;2009;10;PSD;WALTER IHOSHI;COMBUSTÍVEIS E LUBRIFICANTES.;Veículos Automotores;AUTO POSTO BOA NOVA LTDA;100
14/08/2009 00:00;1956;2015;2009;8;PSD;WALTER IHOSHI;COMBUSTÍVEIS E LUBRIFICANTES.;Veículos Automotores;AUTO POSTO BRASIL LTDA;30
10/08/2009 00:00;1956;2015;2009;8;PSD;WALTER IHOSHI;COMBUSTÍVEIS E LUBRIFICANTES.;Veículos Automotores;AUTO POSTO BUCHAMAS LTDA;43
08/11/2009 00:00;1956;2015;2009;11;PSD;WALTER IHOSHI;COMBUSTÍVEIS E LUBRIFICANTES.;Veículos Automotores;AUTO POSTO CIPO LTDA;7219
23/04/2009 00:00;1956;2015;2009;4;PSD;WALTER IHOSHI;COMBUSTÍVEIS E LUBRIFICANTES.;Veículos Automotores;AUTO POSTO COMARIS LTDA;20
04/04/2009 00:00;1956;2015;2009;4;PSD;WALTER IHOSHI;COMBUSTÍVEIS E LUBRIFICANTES.;Veículos Automotores;AUTO POSTO EIXINHO;12601
02/11/2009 00:00;1956;2015;2009;11;PSD;WALTER IHOSHI;COMBUSTÍVEIS E LUBRIFICANTES.;Veículos Automotores;AUTO POSTO F. L 1 LTDA;50
05/03/2009 00:00;1956;2015;2009;3;PSD;WALTER IHOSHI;COMBUSTÍVEIS E LUBRIFICANTES.;Veículos Automotores;AUTO POSTO GALENA LTDA;30
22/05/2009 00:00;1956;2015;2009;5;PSD;WALTER IHOSHI;COMBUSTÍVEIS E LUBRIFICANTES.;Veículos Automotores;AUTO POSTO GALENA LTDA;10
26/08/2009 00:00;1956;2015;2009;8;PSD;WALTER IHOSHI;COMBUSTÍVEIS E LUBRIFICANTES.;Veículos Automotores;AUTO POSTO GASOL;1363
06/10/2009 00:00;1956;2015;2009;10;PSD;WALTER IHOSHI;COMBUSTÍVEIS E LUBRIFICANTES.;Veículos Automotores;AUTO POSTO GASOL;1567
15/10/2009 00:00;1956;2015;2009;10;PSD;WALTER IHOSHI;COMBUSTÍVEIS E LUBRIFICANTES.;Veículos Automotores;AUTO POSTO HAVAI LTDA;109
26/09/2009 00:00;1956;2015;2009;9;PSD;WALTER IHOSHI;COMBUSTÍVEIS E LUBRIFICANTES.;Veículos Automotores;AUTO POSTO HUNGRIA LTDA;3002
11/06/2009 00:00;1956;2015;2009;6;PSD;WALTER IHOSHI;COMBUSTÍVEIS E LUBRIFICANTES.;Veículos Automotores;AUTO POSTO IBERICO LTDA;10703
23/08/2009 00:00;1956;2015;2009;8;PSD;WALTER IHOSHI;COMBUSTÍVEIS E LUBRIFICANTES.;Veículos Automotores;AUTO POSTO IMIGRANTE LTDA;40
18/06/2009 00:00;1956;2015;2009;6;PSD;WALTER IHOSHI;COMBUSTÍVEIS E LUBRIFICANTES.;Veículos Automotores;AUTO POSTO IMPERIAL;20
18/06/2009 00:00;1956;2015;2009;6;PSD;WALTER IHOSHI;COMBUSTÍVEIS E LUBRIFICANTES.;Veículos Automotores;AUTO POSTO IMPERIAL;14882
13/06/2009 00:00;1956;2015;2009;6;PSD;WALTER IHOSHI;COMBUSTÍVEIS E LUBRIFICANTES.;Veículos Automotores;AUTO POSTO ISEJIMA DO BRASIL LTDA;18
10/12/2009 00:00;1956;2015;2009;12;PSD;WALTER IHOSHI;Emissão Bilhete Aéreo;;Cia Aérea - GOL;37862
14/12/2009 00:00;1956;2015;2009;12;PSD;WALTER IHOSHI;Emissão Bilhete Aéreo;;Cia Aérea - GOL;-32862
28/10/2009 00:00;1956;2015;2009;10;PSD;WALTER IHOSHI;Emissão Bilhete Aéreo;;Cia Aérea - GOL;47224
11/11/2009 00:00;1956;2015;2009;11;PSD;WALTER IHOSHI;Emissão Bilhete Aéreo;;Cia Aérea - GOL;-8722
03/12/2009 00:00;1956;2015;2009;12;PSD;WALTER IHOSHI;Emissão Bilhete Aéreo;;Cia Aérea - GOL;65724
09/09/2009 00:00;1956;2015;2009;9;PSD;WALTER IHOSHI;Emissão Bilhete Aéreo;;Cia Aérea - GOL;31724
18/09/2009 00:00;1956;2015;2009;9;PSD;WALTER IHOSHI;Emissão Bilhete Aéreo;;Cia Aérea - GOL;245
01/12/2009 00:00;1956;2015;2009;12;PSD;WALTER IHOSHI;Emissão Bilhete Aéreo;;Cia Aérea - GOL;85724
10/12/2009 00:00;1956;2015;2009;12;PSD;WALTER IHOSHI;Emissão Bilhete Aéreo;;Cia Aérea - GOL;-47862
21/07/2009 00:00;1956;2015;2009;7;PSD;WALTER IHOSHI;Emissão Bilhete Aéreo;;Cia Aérea - GOL;79724
25/11/2009 00:00;1956;2015;2009;11;PSD;WALTER IHOSHI;Emissão Bilhete Aéreo;;Cia Aérea - PASSAREDO;39142
25/11/2009 00:00;1956;2015;2009;11;PSD;WALTER IHOSHI;Emissão Bilhete Aéreo;;Cia Aérea - PASSAREDO;55762
25/11/2009 00:00;1955;2015;2009;11;PSD;guto;Emissão Bilhete Aéreo;;Cia Aérea - PASSAREDO;5
25/11/2009 00:00;1955;2015;2009;11;PSD;guto;Emissão Bilhete Aéreo;;Cia Aérea - PASSAREDO;4
25/11/2009 00:00;1955;2015;2009;11;PSD;guto;Emissão Bilhete Aéreo;;Cia Aérea - PASSAREDO;1
08/10/2009 00:00;1958;2015;2009;10;PP;WILLIAM WOO;MANUTENÇÃO DE ESCRITÓRIO DE APOIO À ATIVIDADE PARLAMENTAR;;BLESS PAPELARIA E PRESENTES SOCIEDADE LTDA. - ME;94
26/11/2009 00:00;1958;2015;2009;11;PP;WILLIAM WOO;MANUTENÇÃO DE ESCRITÓRIO DE APOIO À ATIVIDADE PARLAMENTAR;;C&D INFORMÁTICA LTDA.-EPP;2072
26/11/2009 00:00;1958;2015;2009;11;PP;WILLIAM WOO;MANUTENÇÃO DE ESCRITÓRIO DE APOIO À ATIVIDADE PARLAMENTAR;;C&D INFORMÁTICA LTDA.-EPP;1036
15/12/2009 00:00;1958;2015;2009;12;PP;WILLIAM WOO;MANUTENÇÃO DE ESCRITÓRIO DE APOIO À ATIVIDADE PARLAMENTAR;;COMERCIO E INDUSTRIA GRÁFICA LTDA.;4663
26/11/2009 00:00;1958;2015;2009;11;PP;WILLIAM WOO;MANUTENÇÃO DE ESCRITÓRIO DE APOIO À ATIVIDADE PARLAMENTAR;;CORPORATIVA SUPRIMENTOS PARA ESCRITÓRIO LTDA. - ME;48
13/05/2009 00:00;1958;2015;2009;5;PP;WILLIAM WOO;MANUTENÇÃO DE ESCRITÓRIO DE APOIO À ATIVIDADE PARLAMENTAR;;ELETROPAULO METROPOLITANA ELETRICIDADE DE SP S.A;30693
13/05/2009 00:00;1958;2015;2009;5;PP;WILLIAM WOO;MANUTENÇÃO DE ESCRITÓRIO DE APOIO À ATIVIDADE PARLAMENTAR;;ELETROPAULO METROPOLITANA ELETRICIDADE DE SP S.A;28997
13/05/2009 00:00;1958;2015;2009;5;PP;WILLIAM WOO;MANUTENÇÃO DE ESCRITÓRIO DE APOIO À ATIVIDADE PARLAMENTAR;;ELETROPAULO METROPOLITANA ELETRICIDADE DE SP S.A;3528
16/09/2009 00:00;1958;2015;2009;9;PP;WILLIAM WOO;MANUTENÇÃO DE ESCRITÓRIO DE APOIO À ATIVIDADE PARLAMENTAR;;ELETROPAULO METROPOLITANA ELETRICIDADE DE SP S.A;37186
16/09/2009 00:00;1958;2015;2009;9;PP;WILLIAM WOO;MANUTENÇÃO DE ESCRITÓRIO DE APOIO À ATIVIDADE PARLAMENTAR;;ELETROPAULO METROPOLITANA ELETRICIDADE DE SP S.A;5629
14/11/2009 00:00;1958;2015;2009;11;PP;WILLIAM WOO;MANUTENÇÃO DE ESCRITÓRIO DE APOIO À ATIVIDADE PARLAMENTAR;;ELETROPAULO METROPOLITANA ELETRICIDADE DE SP S.A;44671
14/11/2009 00:00;1958;2015;2009;11;PP;WILLIAM WOO;MANUTENÇÃO DE ESCRITÓRIO DE APOIO À ATIVIDADE PARLAMENTAR;;ELETROPAULO METROPOLITANA ELETRICIDADE DE SP S.A;33471
14/11/2009 00:00;1958;2015;2009;11;PP;WILLIAM WOO;MANUTENÇÃO DE ESCRITÓRIO DE APOIO À ATIVIDADE PARLAMENTAR;;ELETROPAULO METROPOLITANA ELETRICIDADE DE SP S.A;4531
12/06/2009 00:00;1958;2015;2009;6;PP;WILLIAM WOO;MANUTENÇÃO DE ESCRITÓRIO DE APOIO À ATIVIDADE PARLAMENTAR;;ELETROPAULO METROPOLITANA ELETRICIDADE DE SP S.A;2822
12/06/2009 00:00;1958;2015;2009;6;PP;WILLIAM WOO;MANUTENÇÃO DE ESCRITÓRIO DE APOIO À ATIVIDADE PARLAMENTAR;;ELETROPAULO METROPOLITANA ELETRICIDADE DE SP S.A;287
12/06/2009 00:00;1958;2015;2009;6;PP;WILLIAM WOO;MANUTENÇÃO DE ESCRITÓRIO DE APOIO À ATIVIDADE PARLAMENTAR;;ELETROPAULO METROPOLITANA ELETRICIDADE DE SP S.A;258
16/10/2009 00:00;1958;2015;2009;10;PP;WILLIAM WOO;MANUTENÇÃO DE ESCRITÓRIO DE APOIO À ATIVIDADE PARLAMENTAR;;ELETROPAULO METROPOLITANA ELETRICIDADE DE SP S.A;35751
16/10/2009 00:00;1958;2015;2009;10;PP;WILLIAM WOO;MANUTENÇÃO DE ESCRITÓRIO DE APOIO À ATIVIDADE PARLAMENTAR;;ELETROPAULO METROPOLITANA ELETRICIDADE DE SP S.A;31519
16/10/2009 00:00;1958;2015;2009;10;PP;WILLIAM WOO;MANUTENÇÃO DE ESCRITÓRIO DE APOIO À ATIVIDADE PARLAMENTAR;;ELETROPAULO METROPOLITANA ELETRICIDADE DE SP S.A;4977
14/08/2009 00:00;1958;2015;2009;8;PP;WILLIAM WOO;MANUTENÇÃO DE ESCRITÓRIO DE APOIO À ATIVIDADE PARLAMENTAR;;ELETROPAULO METROPOLITANA ELETRICIDADE DE SP S.A;22187
14/08/2009 00:00;1958;2015;2009;8;PP;WILLIAM WOO;MANUTENÇÃO DE ESCRITÓRIO DE APOIO À ATIVIDADE PARLAMENTAR;;ELETROPAULO METROPOLITANA ELETRICIDADE DE SP S.A;31206
14/08/2009 00:00;1958;2015;2009;8;PP;WILLIAM WOO;MANUTENÇÃO DE ESCRITÓRIO DE APOIO À ATIVIDADE PARLAMENTAR;;ELETROPAULO METROPOLITANA ELETRICIDADE DE SP S.A;4659
16/09/2009 00:00;1958;2015;2009;9;PP;WILLIAM WOO;MANUTENÇÃO DE ESCRITÓRIO DE APOIO À ATIVIDADE PARLAMENTAR;;ELETROPAULO METROPOLITANA ELETRICIDADE DE SP S.A;34348
13/04/2009 00:00;1958;2015;2009;4;PP;WILLIAM WOO;MANUTENÇÃO DE ESCRITÓRIO DE APOIO À ATIVIDADE PARLAMENTAR;;ELETROPAULO METROPOLITANA ELETRICIDADE DE SP S/A;35966
13/04/2009 00:00;1958;2015;2009;4;PP;WILLIAM WOO;MANUTENÇÃO DE ESCRITÓRIO DE APOIO À ATIVIDADE PARLAMENTAR;;ELETROPAULO METROPOLITANA ELETRICIDADE DE SP S/A;30129
13/04/2009 00:00;1958;2015;2009;4;PP;WILLIAM WOO;MANUTENÇÃO DE ESCRITÓRIO DE APOIO À ATIVIDADE PARLAMENTAR;;ELETROPAULO METROPOLITANA ELETRICIDADE DE SP S/A;2859
18/09/2009 00:00;1958;2015;2009;9;PP;WILLIAM WOO;MANUTENÇÃO DE ESCRITÓRIO DE APOIO À ATIVIDADE PARLAMENTAR;;FÁBIO JESUS DE OLIVEIRA - ME;20
06/11/2009 00:00;1958;2015;2009;11;PP;WILLIAM WOO;MANUTENÇÃO DE ESCRITÓRIO DE APOIO À ATIVIDADE PARLAMENTAR;;FÁBIO JESUS DE OLIVEIRA - ME;120
26/08/2009 00:00;1958;2015;2009;8;PP;WILLIAM WOO;MANUTENÇÃO DE ESCRITÓRIO DE APOIO À ATIVIDADE PARLAMENTAR;;FERNANDO BERNARDES CARDEAL PAPELARIA - EPP;33
21/10/2009 00:00;1958;2015;2009;10;PP;WILLIAM WOO;MANUTENÇÃO DE ESCRITÓRIO DE APOIO À ATIVIDADE PARLAMENTAR;;FUJIOKA ELETRO IMAGEM S/A;3444
13/07/2009 00:00;1958;2015;2009;7;PP;WILLIAM WOO;MANUTENÇÃO DE ESCRITÓRIO DE APOIO À ATIVIDADE PARLAMENTAR;;JIN SERVIÇOS E MATERIAIS PARA ESCRITÓRIO LTDA.;2508
03/08/2009 00:00;1958;2015;2009;8;PP;WILLIAM WOO;MANUTENÇÃO DE ESCRITÓRIO DE APOIO À ATIVIDADE PARLAMENTAR;;JIN SERVIÇOS E MATERIAIS PARA ESCRITÓRIO LTDA.;1311
16/09/2009 00:00;1958;2015;2009;9;PP;WILLIAM WOO;MANUTENÇÃO DE ESCRITÓRIO DE APOIO À ATIVIDADE PARLAMENTAR;;KALUNGA COM. E IND. GRÁFICA LTDA.;136
19/09/2009 00:00;1958;2015;2009;9;PP;WILLIAM WOO;MANUTENÇÃO DE ESCRITÓRIO DE APOIO À ATIVIDADE PARLAMENTAR;;KALUNGA COM. E IND. GRÁFICA LTDA.;43674
24/09/2009 00:00;1958;2015;2009;9;PP;WILLIAM WOO;MANUTENÇÃO DE ESCRITÓRIO DE APOIO À ATIVIDADE PARLAMENTAR;;KALUNGA COM. E IND. GRÁFICA LTDA.;2788
12/10/2009 00:00;1958;2015;2009;10;PP;WILLIAM WOO;MANUTENÇÃO DE ESCRITÓRIO DE APOIO À ATIVIDADE PARLAMENTAR;;KALUNGA COM. E IND. GRÁFICA LTDA.;2744
10/11/2009 00:00;1958;2015;2009;11;PP;WILLIAM WOO;MANUTENÇÃO DE ESCRITÓRIO DE APOIO À ATIVIDADE PARLAMENTAR;;KALUNGA COM. E IND. GRÁFICA LTDA.;236
21/11/2009 00:00;1958;2015;2009;11;PP;WILLIAM WOO;MANUTENÇÃO DE ESCRITÓRIO DE APOIO À ATIVIDADE PARLAMENTAR;;KALUNGA COM. E IND. GRÁFICA LTDA.;445
21/10/2009 00:00;1958;2015;2009;10;PP;WILLIAM WOO;MANUTENÇÃO DE ESCRITÓRIO DE APOIO À ATIVIDADE PARLAMENTAR;;LM FOTO DIGITAL LTDA. - EPP;78
09/07/2009 00:00;1958;2015;2009;7;PP;WILLIAM WOO;MANUTENÇÃO DE ESCRITÓRIO DE APOIO À ATIVIDADE PARLAMENTAR;;LOJAS NIPON COMERCIAL LTDA.;104
08/10/2009 00:00;1958;2015;2009;10;PP;WILLIAM WOO;MANUTENÇÃO DE ESCRITÓRIO DE APOIO À ATIVIDADE PARLAMENTAR;;MAXETRON SERV. INFORM. & REP. LTDA.;5265
03/11/2009 00:00;1958;2015;2009;11;PP;WILLIAM WOO;MANUTENÇÃO DE ESCRITÓRIO DE APOIO À ATIVIDADE PARLAMENTAR;;MAXETRON SERV. INFORM. & REP. LTDA.;5265
13/08/2009 00:00;1958;2015;2009;8;PP;WILLIAM WOO;MANUTENÇÃO DE ESCRITÓRIO DE APOIO À ATIVIDADE PARLAMENTAR;;MIMI EMBALAGENS LTDA. - ME;6148
08/05/2009 00:00;1958;2015;2009;5;PP;WILLIAM WOO;MANUTENÇÃO DE ESCRITÓRIO DE APOIO À ATIVIDADE PARLAMENTAR;;NET;379
09/09/2009 00:00;1958;2015;2009;9;PP;WILLIAM WOO;MANUTENÇÃO DE ESCRITÓRIO DE APOIO À ATIVIDADE PARLAMENTAR;;NET SÃO PAULO;11989
08/10/2009 00:00;1958;2015;2009;10;PP;WILLIAM WOO;MANUTENÇÃO DE ESCRITÓRIO DE APOIO À ATIVIDADE PARLAMENTAR;;NET SÃO PAULO;1578
09/11/2009 00:00;1958;2015;2009;11;PP;WILLIAM WOO;MANUTENÇÃO DE ESCRITÓRIO DE APOIO À ATIVIDADE PARLAMENTAR;;NET SÃO PAULO;1578
09/06/2009 00:00;1958;2015;2009;6;PP;WILLIAM WOO;MANUTENÇÃO DE ESCRITÓRIO DE APOIO À ATIVIDADE PARLAMENTAR;;NET SÃO PAULO;379
03/07/2009 00:00;1958;2015;2009;7;PP;WILLIAM WOO;MANUTENÇÃO DE ESCRITÓRIO DE APOIO À ATIVIDADE PARLAMENTAR;;NEXTEL TELECOMUNICAÇÕES LTDA.;64604
01/04/2009 00:00;1958;2015;2009;4;PP;WILLIAM WOO;MANUTENÇÃO DE ESCRITÓRIO DE APOIO À ATIVIDADE PARLAMENTAR;;OURO ASSOCIADOS SERVS. ESCRITORIO;69649
20/03/2009 00:00;1958;2015;2009;4;PP;WILLIAM WOO;MANUTENÇÃO DE ESCRITÓRIO DE APOIO À ATIVIDADE PARLAMENTAR;;OURO ASSOCIADOS SERVS. ESCRITORIO;70918
20/03/2009 00:00;1958;2015;2009;4;PP;WILLIAM WOO;MANUTENÇÃO DE ESCRITÓRIO DE APOIO À ATIVIDADE PARLAMENTAR;;OURO ASSOCIADOS SERVS. ESCRITORIO;9011
05/05/2009 00:00;1958;2015;2009;5;PP;WILLIAM WOO;MANUTENÇÃO DE ESCRITÓRIO DE APOIO À ATIVIDADE PARLAMENTAR;;OURO ASSOCIADOS SERVS. ESCRITORIO;63049
05/05/2009 00:00;1958;2015;2009;5;PP;WILLIAM WOO;MANUTENÇÃO DE ESCRITÓRIO DE APOIO À ATIVIDADE PARLAMENTAR;;OURO ASSOCIADOS SERVS. ESCRITORIO;64218
05/05/2009 00:00;1958;2015;2009;5;PP;WILLIAM WOO;MANUTENÇÃO DE ESCRITÓRIO DE APOIO À ATIVIDADE PARLAMENTAR;;OURO ASSOCIADOS SERVS. ESCRITORIO;8161
24/06/2009 00:00;1958;2015;2009;6;PP;WILLIAM WOO;MANUTENÇÃO DE ESCRITÓRIO DE APOIO À ATIVIDADE PARLAMENTAR;;OURO ASSOCIADOS SERVS. ESCRITORIO;63049
24/06/2009 00:00;1958;2015;2009;6;PP;WILLIAM WOO;MANUTENÇÃO DE ESCRITÓRIO DE APOIO À ATIVIDADE PARLAMENTAR;;OURO ASSOCIADOS SERVS. ESCRITORIO;64218
24/06/2009 00:00;1958;2015;2009;6;PP;WILLIAM WOO;MANUTENÇÃO DE ESCRITÓRIO DE APOIO À ATIVIDADE PARLAMENTAR;;OURO ASSOCIADOS SERVS. ESCRITORIO;8161
02/07/2009 00:00;1958;2015;2009;7;PP;WILLIAM WOO;MANUTENÇÃO DE ESCRITÓRIO DE APOIO À ATIVIDADE PARLAMENTAR;;OURO ASSOCIADOS SERVS. ESCRITORIO;69949
02/07/2009 00:00;1958;2015;2009;7;PP;WILLIAM WOO;MANUTENÇÃO DE ESCRITÓRIO DE APOIO À ATIVIDADE PARLAMENTAR;;OURO ASSOCIADOS SERVS. ESCRITORIO;71218
02/07/2009 00:00;1958;2015;2009;7;PP;WILLIAM WOO;MANUTENÇÃO DE ESCRITÓRIO DE APOIO À ATIVIDADE PARLAMENTAR;;OURO ASSOCIADOS SERVS. ESCRITORIO;9041
01/08/2009 00:00;1958;2015;2009;8;PP;WILLIAM WOO;MANUTENÇÃO DE ESCRITÓRIO DE APOIO À ATIVIDADE PARLAMENTAR;;OURO ASSOCIADOS SERVS. ESCRITORIO;69949
16/07/2009 00:00;1958;2015;2009;8;PP;WILLIAM WOO;MANUTENÇÃO DE ESCRITÓRIO DE APOIO À ATIVIDADE PARLAMENTAR;;OURO ASSOCIADOS SERVS. ESCRITORIO;71218
16/07/2009 00:00;1958;2015;2009;8;PP;WILLIAM WOO;MANUTENÇÃO DE ESCRITÓRIO DE APOIO À ATIVIDADE PARLAMENTAR;;OURO ASSOCIADOS SERVS. ESCRITORIO;9041
24/08/2009 00:00;1958;2015;2009;9;PP;WILLIAM WOO;MANUTENÇÃO DE ESCRITÓRIO DE APOIO À ATIVIDADE PARLAMENTAR;;OURO ASSOCIADOS SERVS. ESCRITORIO;71149
24/08/2009 00:00;1958;2015;2009;9;PP;WILLIAM WOO;MANUTENÇÃO DE ESCRITÓRIO DE APOIO À ATIVIDADE PARLAMENTAR;;OURO ASSOCIADOS SERVS. ESCRITORIO;72418
24/08/2009 00:00;1958;2015;2009;9;PP;WILLIAM WOO;MANUTENÇÃO DE ESCRITÓRIO DE APOIO À ATIVIDADE PARLAMENTAR;;OURO ASSOCIADOS SERVS. ESCRITORIO;9191
23/09/2009 00:00;1958;2015;2009;10;PP;WILLIAM WOO;MANUTENÇÃO DE ESCRITÓRIO DE APOIO À ATIVIDADE PARLAMENTAR;;OURO ASSOCIADOS SERVS. ESCRITORIO;71149
23/09/2009 00:00;1958;2015;2009;10;PP;WILLIAM WOO;MANUTENÇÃO DE ESCRITÓRIO DE APOIO À ATIVIDADE PARLAMENTAR;;OURO ASSOCIADOS SERVS. ESCRITORIO;72418
23/09/2009 00:00;1958;2015;2009;10;PP;WILLIAM WOO;MANUTENÇÃO DE ESCRITÓRIO DE APOIO À ATIVIDADE PARLAMENTAR;;OURO ASSOCIADOS SERVS. ESCRITORIO;9191
01/11/2009 00:00;1958;2015;2009;11;PP;WILLIAM WOO;MANUTENÇÃO DE ESCRITÓRIO DE APOIO À ATIVIDADE PARLAMENTAR;;OURO ASSOCIADOS SERVS. ESCRITORIO;73449
26/10/2009 00:00;1958;2015;2009;11;PP;WILLIAM WOO;MANUTENÇÃO DE ESCRITÓRIO DE APOIO À ATIVIDADE PARLAMENTAR;;OURO ASSOCIADOS SERVS. ESCRITORIO;74818
26/10/2009 00:00;1958;2015;2009;11;PP;WILLIAM WOO;MANUTENÇÃO DE ESCRITÓRIO DE APOIO À ATIVIDADE PARLAMENTAR;;OURO ASSOCIADOS SERVS. ESCRITORIO;9491
01/12/2009 00:00;1958;2015;2009;12;PP;WILLIAM WOO;MANUTENÇÃO DE ESCRITÓRIO DE APOIO À ATIVIDADE PARLAMENTAR;;OURO ASSOCIADOS SERVS. ESCRITORIO;74818
01/12/2009 00:00;1958;2015;2009;12;PP;WILLIAM WOO;MANUTENÇÃO DE ESCRITÓRIO DE APOIO À ATIVIDADE PARLAMENTAR;;OURO ASSOCIADOS SERVS. ESCRITORIO;9491
01/12/2009 00:00;1958;2015;2009;12;PP;WILLIAM WOO;MANUTENÇÃO DE ESCRITÓRIO DE APOIO À ATIVIDADE PARLAMENTAR;;OURO ASSOCIADOS SERVS. ESCRITORIO;73449
23/03/2009 00:00;1958;2015;2009;3;PP;WILLIAM WOO;MANUTENÇÃO DE ESCRITÓRIO DE APOIO À ATIVIDADE PARLAMENTAR;;OURO ASSOCIADOS SERVS. ESCRITÓRIO;3600
11/05/2009 00:00;1958;2015;2009;4;PP;WILLIAM WOO;MANUTENÇÃO DE ESCRITÓRIO DE APOIO À ATIVIDADE PARLAMENTAR;;OURO ASSOCIADOS SERVS. ESCRITÓRIO;3600
23/03/2009 00:00;1958;2015;2009;5;PP;WILLIAM WOO;MANUTENÇÃO DE ESCRITÓRIO DE APOIO À ATIVIDADE PARLAMENTAR;;OURO ASSOCIADOS SERVS. ESCRITÓRIO;3600
18/06/2009 00:00;1958;2015;2009;7;PP;WILLIAM WOO;MANUTENÇÃO DE ESCRITÓRIO DE APOIO À ATIVIDADE PARLAMENTAR;;OURO ASSOCIADOS SERVS. ESCRITÓRIO;3600
18/06/2009 00:00;1958;2015;2009;8;PP;WILLIAM WOO;MANUTENÇÃO DE ESCRITÓRIO DE APOIO À ATIVIDADE PARLAMENTAR;;OURO ASSOCIADOS SERVS. ESCRITÓRIO;3600
29/09/2009 00:00;1958;2015;2009;9;PP;WILLIAM WOO;MANUTENÇÃO DE ESCRITÓRIO DE APOIO À ATIVIDADE PARLAMENTAR;;OURO ASSOCIADOS SERVS. ESCRITÓRIO;3600
01/11/2009 00:00;1958;2015;2009;10;PP;WILLIAM WOO;MANUTENÇÃO DE ESCRITÓRIO DE APOIO À ATIVIDADE PARLAMENTAR;;OURO ASSOCIADOS SERVS. ESCRITÓRIO;3600
27/11/2009 00:00;1958;2015;2009;11;PP;WILLIAM WOO;MANUTENÇÃO DE ESCRITÓRIO DE APOIO À ATIVIDADE PARLAMENTAR;;OURO ASSOCIADOS SERVS. ESCRITÓRIO;3600
26/11/2009 00:00;1958;2015;2009;11;PP;WILLIAM WOO;MANUTENÇÃO DE ESCRITÓRIO DE APOIO À ATIVIDADE PARLAMENTAR;;PREMIER LIVRARIA E PAPELARIA LTDA.;170
26/09/2009 00:00;1958;2015;2009;9;PP;WILLIAM WOO;MANUTENÇÃO DE ESCRITÓRIO DE APOIO À ATIVIDADE PARLAMENTAR;;REVISTARIA ESPAÇO CULTURAL LTDA. - ME;60
02/07/2009 00:00;1958;2015;2009;7;PP;WILLIAM WOO;MANUTENÇÃO DE ESCRITÓRIO DE APOIO À ATIVIDADE PARLAMENTAR;;TIM CELULAR S.A.;16009
21/09/2009 00:00;1958;2015;2009;9;PP;WILLIAM WOO;MANUTENÇÃO DE ESCRITÓRIO DE APOIO À ATIVIDADE PARLAMENTAR;;WINCO SISTEMAS LTDA.;114
23/11/2009 00:00;1958;2015;2009;11;PP;WILLIAM WOO;MANUTENÇÃO DE ESCRITÓRIO DE APOIO À ATIVIDADE PARLAMENTAR;;WYL MONTAGEM DE EQUIPAMENTO DE INFORMÁTICA LTDA.;2600
01/07/2009 00:00;1958;2015;2009;7;PP;WILLIAM WOO;MANUTENÇÃO DE ESCRITÓRIO DE APOIO À ATIVIDADE PARLAMENTAR;;WYL- MONTAGEM DE EQUIP. DE INFORMÁTICA LTDA.;1125
16/04/2009 00:00;1958;2015;2009;4;PP;WILLIAM WOO;LOCOMOÇÃO, ALIMENTAÇÃO E  HOSPEDAGEM;;BOMBOCADO COMÉRCIO DE DOCES E SALGADOS LTDA.;229
31/03/2009 00:00;1958;2015;2009;3;PP;WILLIAM WOO;LOCOMOÇÃO, ALIMENTAÇÃO E  HOSPEDAGEM;;CENTRO DE GESTÃO DE MEIO DE PGTO. S/A;20546
22/05/2009 00:00;1958;2015;2009;5;PP;WILLIAM WOO;LOCOMOÇÃO, ALIMENTAÇÃO E  HOSPEDAGEM;;COMERCIAL FRANGO ASSADO LTDA.;193
13/04/2009 00:00;1958;2015;2009;4;PP;WILLIAM WOO;LOCOMOÇÃO, ALIMENTAÇÃO E  HOSPEDAGEM;;COMÉRCIO DE DERIVADOS DE PETRÓLEO LTDA.;73
17/05/2009 00:00;1958;2015;2009;5;PP;WILLIAM WOO;LOCOMOÇÃO, ALIMENTAÇÃO E  HOSPEDAGEM;;CONC. SISTEMA ANHANGUERA BANDEIRANTES S/A;59
17/05/2009 00:00;1958;2015;2009;5;PP;WILLIAM WOO;LOCOMOÇÃO, ALIMENTAÇÃO E  HOSPEDAGEM;;CONC. SISTEMA ANHANGUERA BANDEIRANTES S/A;59
04/06/2009 00:00;1958;2015;2009;6;PP;WILLIAM WOO;LOCOMOÇÃO, ALIMENTAÇÃO E  HOSPEDAGEM;;CONC. SISTEMA ANHANGUERA BANDEIRANTES SA;59
11/05/2009 00:00;1958;2015;2009;5;PP;WILLIAM WOO;LOCOMOÇÃO, ALIMENTAÇÃO E  HOSPEDAGEM;;CONC. SISTEMA ANHANGUERA BANDEIRANTES SA;59
04/06/2009 00:00;1958;2015;2009;6;PP;WILLIAM WOO;LOCOMOÇÃO, ALIMENTAÇÃO E  HOSPEDAGEM;;CONC. SISTEMA ANHANGUERA BANDEIRANTES SA;59
11/05/2009 00:00;1958;2015;2009;5;PP;WILLIAM WOO;LOCOMOÇÃO, ALIMENTAÇÃO E  HOSPEDAGEM;;CONC. SISTEMA ANHANGUERA BANDEIRANTES SA;59
14/05/2009 00:00;1958;2015;2009;5;PP;WILLIAM WOO;LOCOMOÇÃO, ALIMENTAÇÃO E  HOSPEDAGEM;;CONCESS. DO RODOANEL OESTE S/A;12
17/05/2009 00:00;1958;2015;2009;5;PP;WILLIAM WOO;LOCOMOÇÃO, ALIMENTAÇÃO E  HOSPEDAGEM;;CONCESS. DO RODOANEL OESTE S/A;12
06/06/2009 00:00;1958;2015;2009;6;PP;WILLIAM WOO;LOCOMOÇÃO, ALIMENTAÇÃO E  HOSPEDAGEM;;CONCESS. DO RODOANEL OESTE S/A;12
05/05/2009 00:00;1958;2015;2009;5;PP;WILLIAM WOO;LOCOMOÇÃO, ALIMENTAÇÃO E  HOSPEDAGEM;;CONCESS. DO RODOANEL OESTE S/A;12
28/03/2009 00:00;1958;2015;2009;3;PP;WILLIAM WOO;LOCOMOÇÃO, ALIMENTAÇÃO E  HOSPEDAGEM;;CONCESS. DO RODOANEL OESTE S/A;12
12/04/2009 00:00;1958;2015;2009;4;PP;WILLIAM WOO;LOCOMOÇÃO, ALIMENTAÇÃO E  HOSPEDAGEM;;CONCESS. DO RODOANEL OESTE S/A;12
15/04/2009 00:00;1958;2015;2009;4;PP;WILLIAM WOO;LOCOMOÇÃO, ALIMENTAÇÃO E  HOSPEDAGEM;;CONCESS. DO RODOANEL OESTE S/A;12
30/04/2009 00:00;1958;2015;2009;4;PP;WILLIAM WOO;LOCOMOÇÃO, ALIMENTAÇÃO E  HOSPEDAGEM;;CONCESS. DO RODOANEL OESTE S/A;12
04/05/2009 00:00;1958;2015;2009;5;PP;WILLIAM WOO;LOCOMOÇÃO, ALIMENTAÇÃO E  HOSPEDAGEM;;CONCESS. DO RODOANEL OESTE S/A;12
07/02/2009 00:00;1958;2015;2009;2;PP;WILLIAM WOO;LOCOMOÇÃO, ALIMENTAÇÃO E  HOSPEDAGEM;;CONCESS. DO RODOANEL OESTE S/A;12
06/06/2009 00:00;1958;2015;2009;6;PP;WILLIAM WOO;LOCOMOÇÃO, ALIMENTAÇÃO E  HOSPEDAGEM;;CONCESS. DO RODOANEL OESTE S/A;12
29/04/2009 00:00;1958;2015;2009;4;PP;WILLIAM WOO;LOCOMOÇÃO, ALIMENTAÇÃO E  HOSPEDAGEM;;CONCESS. DO RODOANEL OESTE S/A;12
20/05/2009 00:00;1958;2015;2009;5;PP;WILLIAM WOO;LOCOMOÇÃO, ALIMENTAÇÃO E  HOSPEDAGEM;;CONCESS. DO RODOANEL OESTE S/A;12
05/06/2009 00:00;1958;2015;2009;6;PP;WILLIAM WOO;LOCOMOÇÃO, ALIMENTAÇÃO E  HOSPEDAGEM;;CONCESS. DO RODOANEL OESTE S/A;12
28/03/2009 00:00;1958;2015;2009;3;PP;WILLIAM WOO;LOCOMOÇÃO, ALIMENTAÇÃO E  HOSPEDAGEM;;CONCESS. DO RODOANEL OESTE S/A;12
31/03/2009 00:00;1958;2015;2009;3;PP;WILLIAM WOO;LOCOMOÇÃO, ALIMENTAÇÃO E  HOSPEDAGEM;;CONCESS. DO RODOANEL OESTE S/A;12
04/04/2009 00:00;1958;2015;2009;4;PP;WILLIAM WOO;LOCOMOÇÃO, ALIMENTAÇÃO E  HOSPEDAGEM;;CONCESS. DO RODOANEL OESTE S/A;12
04/04/2009 00:00;1958;2015;2009;4;PP;WILLIAM WOO;LOCOMOÇÃO, ALIMENTAÇÃO E  HOSPEDAGEM;;CONCESS. DO RODOANEL OESTE S/A;12
22/04/2009 00:00;1958;2015;2009;4;PP;WILLIAM WOO;LOCOMOÇÃO, ALIMENTAÇÃO E  HOSPEDAGEM;;CONCESS. DO RODOANEL OESTE S/A;12
22/05/2009 00:00;1958;2015;2009;5;PP;WILLIAM WOO;LOCOMOÇÃO, ALIMENTAÇÃO E  HOSPEDAGEM;;CONCESS. DO RODOANEL OESTE S/A;12
06/06/2009 00:00;1958;2015;2009;6;PP;WILLIAM WOO;LOCOMOÇÃO, ALIMENTAÇÃO E  HOSPEDAGEM;;CONCESS. DO RODOANEL OESTE S/A;12
01/06/2009 00:00;1958;2015;2009;6;PP;WILLIAM WOO;LOCOMOÇÃO, ALIMENTAÇÃO E  HOSPEDAGEM;;CONCESS. DO RODOANEL OESTE S/A;12
30/03/2009 00:00;1958;2015;2009;3;PP;WILLIAM WOO;LOCOMOÇÃO, ALIMENTAÇÃO E  HOSPEDAGEM;;CONCESS. DO RODOANEL OESTE S/A;12
02/04/2009 00:00;1958;2015;2009;4;PP;WILLIAM WOO;LOCOMOÇÃO, ALIMENTAÇÃO E  HOSPEDAGEM;;CONCESS. DO RODOANEL OESTE S/A;12
21/04/2009 00:00;1958;2015;2009;4;PP;WILLIAM WOO;LOCOMOÇÃO, ALIMENTAÇÃO E  HOSPEDAGEM;;CONCESS. DO RODOANEL OESTE S/A;12
22/04/2009 00:00;1958;2015;2009;4;PP;WILLIAM WOO;LOCOMOÇÃO, ALIMENTAÇÃO E  HOSPEDAGEM;;CONCESS. DO RODOANEL OESTE S/A;12
26/03/2009 00:00;1958;2015;2009;3;PP;WILLIAM WOO;LOCOMOÇÃO, ALIMENTAÇÃO E  HOSPEDAGEM;;CONCESS. DO RODOANEL OESTE S/A;12
03/04/2009 00:00;1958;2015;2009;4;PP;WILLIAM WOO;LOCOMOÇÃO, ALIMENTAÇÃO E  HOSPEDAGEM;;CONCESS. DO RODOANEL OESTE S/A;12
25/03/2009 00:00;1958;2015;2009;3;PP;WILLIAM WOO;LOCOMOÇÃO, ALIMENTAÇÃO E  HOSPEDAGEM;;CONCESS. DO RODOANEL OESTE S/A;12
30/04/2009 00:00;1958;2015;2009;4;PP;WILLIAM WOO;LOCOMOÇÃO, ALIMENTAÇÃO E  HOSPEDAGEM;;CONCESS. DO RODOANEL OESTE S/A;12
06/05/2009 00:00;1958;2015;2009;5;PP;WILLIAM WOO;LOCOMOÇÃO, ALIMENTAÇÃO E  HOSPEDAGEM;;CONCESS. DO RODOANEL OESTE S/A;12
07/05/2009 00:00;1958;2015;2009;5;PP;WILLIAM WOO;LOCOMOÇÃO, ALIMENTAÇÃO E  HOSPEDAGEM;;CONCESS. DO RODOANEL OESTE S/A;12
05/05/2009 00:00;1958;2015;2009;5;PP;WILLIAM WOO;LOCOMOÇÃO, ALIMENTAÇÃO E  HOSPEDAGEM;;CONCESS. DO RODOANEL OESTE S/A;12
15/05/2009 00:00;1958;2015;2009;5;PP;WILLIAM WOO;LOCOMOÇÃO, ALIMENTAÇÃO E  HOSPEDAGEM;;CONCESS. DO RODOANEL OESTE S/A;12
07/04/2009 00:00;1958;2015;2009;4;PP;WILLIAM WOO;LOCOMOÇÃO, ALIMENTAÇÃO E  HOSPEDAGEM;;CONCESS. DO RODOANEL OESTE S/A;12
24/03/2009 00:00;1958;2015;2009;3;PP;WILLIAM WOO;LOCOMOÇÃO, ALIMENTAÇÃO E  HOSPEDAGEM;;CONCESS. DO RODOANEL OESTE S/A;12
30/03/2009 00:00;1958;2015;2009;3;PP;WILLIAM WOO;LOCOMOÇÃO, ALIMENTAÇÃO E  HOSPEDAGEM;;CONCESS. DO RODOANEL OESTE S/A;12
01/04/2009 00:00;1958;2015;2009;4;PP;WILLIAM WOO;LOCOMOÇÃO, ALIMENTAÇÃO E  HOSPEDAGEM;;CONCESS. DO RODOANEL OESTE S/A;12
06/04/2009 00:00;1958;2015;2009;4;PP;WILLIAM WOO;LOCOMOÇÃO, ALIMENTAÇÃO E  HOSPEDAGEM;;CONCESS. DO RODOANEL OESTE S/A;12
08/04/2009 00:00;1958;2015;2009;4;PP;WILLIAM WOO;LOCOMOÇÃO, ALIMENTAÇÃO E  HOSPEDAGEM;;CONCESS. DO RODOANEL OESTE S/A;12
13/04/2009 00:00;1958;2015;2009;4;PP;WILLIAM WOO;LOCOMOÇÃO, ALIMENTAÇÃO E  HOSPEDAGEM;;CONCESS. DO RODOANEL OESTE S/A;12
23/04/2009 00:00;1958;2015;2009;4;PP;WILLIAM WOO;LOCOMOÇÃO, ALIMENTAÇÃO E  HOSPEDAGEM;;CONCESS. DO RODOANEL OESTE S/A;12
18/05/2009 00:00;1958;2015;2009;5;PP;WILLIAM WOO;LOCOMOÇÃO, ALIMENTAÇÃO E  HOSPEDAGEM;;CONCESS. DO RODOANEL OESTE S/A;12
26/03/2009 00:00;1958;2015;2009;3;PP;WILLIAM WOO;LOCOMOÇÃO, ALIMENTAÇÃO E  HOSPEDAGEM;;CONCESS. DO RODOANEL OESTE S/A;12
31/03/2009 00:00;1958;2015;2009;3;PP;WILLIAM WOO;LOCOMOÇÃO, ALIMENTAÇÃO E  HOSPEDAGEM;;CONCESS. DO RODOANEL OESTE S/A;12
17/04/2009 00:00;1958;2015;2009;4;PP;WILLIAM WOO;LOCOMOÇÃO, ALIMENTAÇÃO E  HOSPEDAGEM;;CONCESS. DO RODOANEL OESTE S/A;12
23/04/2009 00:00;1958;2015;2009;4;PP;WILLIAM WOO;LOCOMOÇÃO, ALIMENTAÇÃO E  HOSPEDAGEM;;CONCESS. DO RODOANEL OESTE S/A;12
28/04/2009 00:00;1958;2015;2009;4;PP;WILLIAM WOO;LOCOMOÇÃO, ALIMENTAÇÃO E  HOSPEDAGEM;;CONCESS. DO RODOANEL OESTE S/A;12
11/05/2009 00:00;1958;2015;2009;5;PP;WILLIAM WOO;LOCOMOÇÃO, ALIMENTAÇÃO E  HOSPEDAGEM;;CONCESS. DO RODOANEL OESTE S/A;12
12/04/2009 00:00;1958;2015;2009;4;PP;WILLIAM WOO;LOCOMOÇÃO, ALIMENTAÇÃO E  HOSPEDAGEM;;CONCESS. DO RODOANEL OESTE S/A;12
23/03/2009 00:00;1958;2015;2009;3;PP;WILLIAM WOO;LOCOMOÇÃO, ALIMENTAÇÃO E  HOSPEDAGEM;;CONCESS. DO RODOANEL OESTE S/A;12
18/05/2009 00:00;1958;2015;2009;5;PP;WILLIAM WOO;LOCOMOÇÃO, ALIMENTAÇÃO E  HOSPEDAGEM;;CONCESS. DO RODOANEL OESTE S/A;12
09/05/2009 00:00;1958;2015;2009;5;PP;WILLIAM WOO;LOCOMOÇÃO, ALIMENTAÇÃO E  HOSPEDAGEM;;CONCESS. DO RODOANEL OESTE S/A;12
04/04/2009 00:00;1958;2015;2009;4;PP;WILLIAM WOO;LOCOMOÇÃO, ALIMENTAÇÃO E  HOSPEDAGEM;;CONCESS. DO RODOANEL OESTE S/A;12
31/03/2009 00:00;1958;2015;2009;3;PP;WILLIAM WOO;LOCOMOÇÃO, ALIMENTAÇÃO E  HOSPEDAGEM;;CONCESS. DO RODOANEL OESTE S/A;12
04/05/2009 00:00;1958;2015;2009;5;PP;WILLIAM WOO;LOCOMOÇÃO, ALIMENTAÇÃO E  HOSPEDAGEM;;CONCESS. DO RODOANEL OESTE S/A;12
09/05/2009 00:00;1958;2015;2009;5;PP;WILLIAM WOO;LOCOMOÇÃO, ALIMENTAÇÃO E  HOSPEDAGEM;;CONCESS. DO RODOANEL OESTE S/A;12
19/05/2009 00:00;1958;2015;2009;5;PP;WILLIAM WOO;LOCOMOÇÃO, ALIMENTAÇÃO E  HOSPEDAGEM;;CONCESS. DO RODOANEL OESTE S/A;12
04/06/2009 00:00;1958;2015;2009;6;PP;WILLIAM WOO;LOCOMOÇÃO, ALIMENTAÇÃO E  HOSPEDAGEM;;CONCESS. DO RODOANEL OESTE S/A;12
14/04/2009 00:00;1958;2015;2009;4;PP;WILLIAM WOO;LOCOMOÇÃO, ALIMENTAÇÃO E  HOSPEDAGEM;;CONCESS. DO RODOANEL OESTE S/A;12
06/05/2009 00:00;1958;2015;2009;5;PP;WILLIAM WOO;LOCOMOÇÃO, ALIMENTAÇÃO E  HOSPEDAGEM;;CONCESS. DO RODOANEL OESTE S/A;12
19/05/2009 00:00;1958;2015;2009;5;PP;WILLIAM WOO;LOCOMOÇÃO, ALIMENTAÇÃO E  HOSPEDAGEM;;CONCESS. DO RODOANEL OESTE S/A;12
18/04/2009 00:00;1958;2015;2009;4;PP;WILLIAM WOO;LOCOMOÇÃO, ALIMENTAÇÃO E  HOSPEDAGEM;;CONCESS. DO RODOANEL OESTE S/A;12
03/04/2009 00:00;1958;2015;2009;4;PP;WILLIAM WOO;LOCOMOÇÃO, ALIMENTAÇÃO E  HOSPEDAGEM;;CONCESS. DO RODOANEL OESTE S/A;12
08/04/2009 00:00;1958;2015;2009;4;PP;WILLIAM WOO;LOCOMOÇÃO, ALIMENTAÇÃO E  HOSPEDAGEM;;CONCESS. DO RODOANEL OESTE S/A;12
18/05/2009 00:00;1958;2015;2009;5;PP;WILLIAM WOO;LOCOMOÇÃO, ALIMENTAÇÃO E  HOSPEDAGEM;;CONCESS. DO RODOANEL OESTE S/A;12
20/05/2009 00:00;1958;2015;2009;5;PP;WILLIAM WOO;LOCOMOÇÃO, ALIMENTAÇÃO E  HOSPEDAGEM;;CONCESS. DO RODOANEL OESTE S/A;12
03/06/2009 00:00;1958;2015;2009;6;PP;WILLIAM WOO;LOCOMOÇÃO, ALIMENTAÇÃO E  HOSPEDAGEM;;CONCESS. DO RODOANEL OESTE S/A;12
23/03/2009 00:00;1958;2015;2009;3;PP;WILLIAM WOO;LOCOMOÇÃO, ALIMENTAÇÃO E  HOSPEDAGEM;;CONCESS. DO RODOANEL OESTE S/A;12
27/04/2009 00:00;1958;2015;2009;4;PP;WILLIAM WOO;LOCOMOÇÃO, ALIMENTAÇÃO E  HOSPEDAGEM;;CONCESS. DO RODOANEL OESTE S/A;12
10/05/2009 00:00;1958;2015;2009;5;PP;WILLIAM WOO;LOCOMOÇÃO, ALIMENTAÇÃO E  HOSPEDAGEM;;CONCESS. DO RODOANEL OESTE S/A;12
27/03/2009 00:00;1958;2015;2009;3;PP;WILLIAM WOO;LOCOMOÇÃO, ALIMENTAÇÃO E  HOSPEDAGEM;;CONCESS. DO RODOANEL OESTE S/A;12
24/04/2009 00:00;1958;2015;2009;4;PP;WILLIAM WOO;LOCOMOÇÃO, ALIMENTAÇÃO E  HOSPEDAGEM;;CONCESS. DO RODOANEL OESTE S/A;12
24/04/2009 00:00;1958;2015;2009;4;PP;WILLIAM WOO;LOCOMOÇÃO, ALIMENTAÇÃO E  HOSPEDAGEM;;CONCESS. DO RODOANEL OESTE S/A;12
08/05/2009 00:00;1958;2015;2009;5;PP;WILLIAM WOO;LOCOMOÇÃO, ALIMENTAÇÃO E  HOSPEDAGEM;;CONCESS. DO RODOANEL OESTE S/A;12
28/03/2009 00:00;1958;2015;2009;3;PP;WILLIAM WOO;LOCOMOÇÃO, ALIMENTAÇÃO E  HOSPEDAGEM;;CONCESS. DO RODOANEL OESTE S/A;12
16/04/2009 00:00;1958;2015;2009;4;PP;WILLIAM WOO;LOCOMOÇÃO, ALIMENTAÇÃO E  HOSPEDAGEM;;CONCESS. DO RODOANEL OESTE S/A;12
29/04/2009 00:00;1958;2015;2009;4;PP;WILLIAM WOO;LOCOMOÇÃO, ALIMENTAÇÃO E  HOSPEDAGEM;;CONCESS. DO RODOANEL OESTE S/A;12
01/06/2009 00:00;1958;2015;2009;6;PP;WILLIAM WOO;LOCOMOÇÃO, ALIMENTAÇÃO E  HOSPEDAGEM;;CONCESS. DO RODOANEL OESTE S/A;12
02/06/2009 00:00;1958;2015;2009;6;PP;WILLIAM WOO;LOCOMOÇÃO, ALIMENTAÇÃO E  HOSPEDAGEM;;CONCESS. DO RODOANEL OESTE S/A;12
10/04/2009 00:00;1958;2015;2009;4;PP;WILLIAM WOO;LOCOMOÇÃO, ALIMENTAÇÃO E  HOSPEDAGEM;;CONCESS. DO RODOANEL OESTE S/A;12
03/05/2009 00:00;1958;2015;2009;5;PP;WILLIAM WOO;LOCOMOÇÃO, ALIMENTAÇÃO E  HOSPEDAGEM;;CONCESS. DO RODOANEL OESTE S/A;12
13/06/2009 00:00;1958;2015;2009;6;PP;WILLIAM WOO;LOCOMOÇÃO, ALIMENTAÇÃO E  HOSPEDAGEM;;CONCESS. ECOVIAS DOS IMIGRANTES S.A;17
06/06/2009 00:00;1958;2015;2009;6;PP;WILLIAM WOO;LOCOMOÇÃO, ALIMENTAÇÃO E  HOSPEDAGEM;;CONCESS. RODOVIA OESTE DE SÃO PAULO S/A;72
29/05/2009 00:00;1958;2015;2009;5;PP;WILLIAM WOO;LOCOMOÇÃO, ALIMENTAÇÃO E  HOSPEDAGEM;;CONCESS. RODOVIA OESTE DE SÃO PAULO S/A;108
06/06/2009 00:00;1958;2015;2009;6;PP;WILLIAM WOO;LOCOMOÇÃO, ALIMENTAÇÃO E  HOSPEDAGEM;;CONCESS. RODOVIA OESTE DE SÃO PAULO S/A;108
14/04/2009 00:00;1958;2015;2009;4;PP;WILLIAM WOO;LOCOMOÇÃO, ALIMENTAÇÃO E  HOSPEDAGEM;;CONCESSIONÁRIA ECOVIAS DOS IMIGRANTES S.A;17
10/04/2009 00:00;1958;2015;2009;4;PP;WILLIAM WOO;LOCOMOÇÃO, ALIMENTAÇÃO E  HOSPEDAGEM;;CONCESSIONÁRIA ROD. OESTE DE S.P. S/A;108
10/04/2009 00:00;1958;2015;2009;4;PP;WILLIAM WOO;LOCOMOÇÃO, ALIMENTAÇÃO E  HOSPEDAGEM;;CONCESSIONÁRIA ROD. OESTE DE S.P. S/A;108
12/04/2009 00:00;1958;2015;2009;4;PP;WILLIAM WOO;LOCOMOÇÃO, ALIMENTAÇÃO E  HOSPEDAGEM;;CONCESSIONÁRIA ROD. OESTE DE S.P. S/A;24
18/04/2009 00:00;1958;2015;2009;4;PP;WILLIAM WOO;LOCOMOÇÃO, ALIMENTAÇÃO E  HOSPEDAGEM;;CONCESSIONÁRIA ROD. OESTE DE S.P. S/A;42
12/04/2009 00:00;1958;2015;2009;4;PP;WILLIAM WOO;LOCOMOÇÃO, ALIMENTAÇÃO E  HOSPEDAGEM;;CONCESSIONÁRIA ROD. OESTE DE S.P. S/A;72
10/04/2009 00:00;1958;2015;2009;4;PP;WILLIAM WOO;LOCOMOÇÃO, ALIMENTAÇÃO E  HOSPEDAGEM;;CONCESSIONÁRIA ROD. OESTE DE S.P. S/A;24
18/04/2009 00:00;1958;2015;2009;4;PP;WILLIAM WOO;LOCOMOÇÃO, ALIMENTAÇÃO E  HOSPEDAGEM;;CONCESSIONÁRIA ROD. OESTE DE S.P. S/A;24
10/04/2009 00:00;1958;2015;2009;4;PP;WILLIAM WOO;LOCOMOÇÃO, ALIMENTAÇÃO E  HOSPEDAGEM;;CONCESSIONÁRIA ROD. OESTE DE S.P. S/A;42
10/04/2009 00:00;1958;2015;2009;4;PP;WILLIAM WOO;LOCOMOÇÃO, ALIMENTAÇÃO E  HOSPEDAGEM;;CONCESSIONÁRIA ROD. OESTE DE S.P. S/A;42
18/04/2009 00:00;1958;2015;2009;4;PP;WILLIAM WOO;LOCOMOÇÃO, ALIMENTAÇÃO E  HOSPEDAGEM;;CONCESSIONÁRIA ROD. OESTE DE S.P. S/A;108
10/04/2009 00:00;1958;2015;2009;4;PP;WILLIAM WOO;LOCOMOÇÃO, ALIMENTAÇÃO E  HOSPEDAGEM;;CONCESSIONÁRIA ROD. OESTE DE S.P. S/A;72
08/02/2009 00:00;1958;2015;2009;2;PP;WILLIAM WOO;LOCOMOÇÃO, ALIMENTAÇÃO E  HOSPEDAGEM;;CONCESSIONÁRIA RODOV. OESTE DE SP S/A;72
28/03/2009 00:00;1958;2015;2009;3;PP;WILLIAM WOO;LOCOMOÇÃO, ALIMENTAÇÃO E  HOSPEDAGEM;;CONCESSIONÁRIA RODOV. OESTE DE SP S/A;72
01/06/2009 00:00;1958;2015;2009;6;PP;WILLIAM WOO;LOCOMOÇÃO, ALIMENTAÇÃO E  HOSPEDAGEM;;CONCESSIONÁRIA RODOV. OESTE DE SP S/A;24
09/05/2009 00:00;1958;2015;2009;5;PP;WILLIAM WOO;LOCOMOÇÃO, ALIMENTAÇÃO E  HOSPEDAGEM;;CONCESSIONÁRIA RODOV. OESTE DE SP S/A;72
28/03/2009 00:00;1958;2015;2009;3;PP;WILLIAM WOO;LOCOMOÇÃO, ALIMENTAÇÃO E  HOSPEDAGEM;;CONCESSIONÁRIA RODOV. OESTE DE SP S/A;108
11/06/2009 00:00;1958;2015;2009;6;PP;WILLIAM WOO;LOCOMOÇÃO, ALIMENTAÇÃO E  HOSPEDAGEM;;CONCESSIONÁRIA RODOV. OESTE DE SP S/A;72
07/02/2009 00:00;1958;2015;2009;2;PP;WILLIAM WOO;LOCOMOÇÃO, ALIMENTAÇÃO E  HOSPEDAGEM;;CONCESSIONÁRIA RODOV. OESTE DE SP S/A;24
07/02/2009 00:00;1958;2015;2009;2;PP;WILLIAM WOO;LOCOMOÇÃO, ALIMENTAÇÃO E  HOSPEDAGEM;;CONCESSIONÁRIA RODOV. OESTE DE SP S/A;108
09/05/2009 00:00;1958;2015;2009;5;PP;WILLIAM WOO;LOCOMOÇÃO, ALIMENTAÇÃO E  HOSPEDAGEM;;CONCESSIONÁRIA RODOV. OESTE DE SP S/A;108
09/05/2009 00:00;1958;2015;2009;5;PP;WILLIAM WOO;LOCOMOÇÃO, ALIMENTAÇÃO E  HOSPEDAGEM;;CONCESSIONÁRIA RODOV. OESTE DE SP S/A;24
10/05/2009 00:00;1958;2015;2009;5;PP;WILLIAM WOO;LOCOMOÇÃO, ALIMENTAÇÃO E  HOSPEDAGEM;;CONCESSIONÁRIA RODOV. OESTE DE SP S/A;72
01/06/2009 00:00;1958;2015;2009;6;PP;WILLIAM WOO;LOCOMOÇÃO, ALIMENTAÇÃO E  HOSPEDAGEM;;CONCESSIONÁRIA RODOV. OESTE DE SP S/A;72
10/05/2009 00:00;1958;2015;2009;5;PP;WILLIAM WOO;LOCOMOÇÃO, ALIMENTAÇÃO E  HOSPEDAGEM;;CONCESSIONÁRIA RODOV. OESTE DE SP S/A;24
07/02/2009 00:00;1958;2015;2009;2;PP;WILLIAM WOO;LOCOMOÇÃO, ALIMENTAÇÃO E  HOSPEDAGEM;;CONCESSIONÁRIA RODOV. OESTE DE SP S/A;42
08/02/2009 00:00;1958;2015;2009;2;PP;WILLIAM WOO;LOCOMOÇÃO, ALIMENTAÇÃO E  HOSPEDAGEM;;CONCESSIONÁRIA RODOV. OESTE DE SP S/A;24
15/06/2009 00:00;1958;2015;2009;6;PP;WILLIAM WOO;LOCOMOÇÃO, ALIMENTAÇÃO E  HOSPEDAGEM;;CONCESSIONÁRIA RODOV. OESTE DE SP S/A;63
12/06/2009 00:00;1958;2015;2009;6;PP;WILLIAM WOO;LOCOMOÇÃO, ALIMENTAÇÃO E  HOSPEDAGEM;;CONCESSIONÁRIA RODOV. OESTE DE SP S/A;63
09/05/2009 00:00;1958;2015;2009;5;PP;WILLIAM WOO;LOCOMOÇÃO, ALIMENTAÇÃO E  HOSPEDAGEM;;CONCESSIONÁRIA RODOV. OESTE DE SP S/A;42
20/06/2009 00:00;1958;2015;2009;6;PP;WILLIAM WOO;LOCOMOÇÃO, ALIMENTAÇÃO E  HOSPEDAGEM;;CONCESSIONÁRIA RODOV. OESTE DE SP S/A;72
15/06/2009 00:00;1958;2015;2009;6;PP;WILLIAM WOO;LOCOMOÇÃO, ALIMENTAÇÃO E  HOSPEDAGEM;;CONCESSIONÁRIA RODOV. OESTE DE SP S/A;63
25/04/2009 00:00;1958;2015;2009;4;PP;WILLIAM WOO;LOCOMOÇÃO, ALIMENTAÇÃO E  HOSPEDAGEM;;DERSA DESENVOLVIMENTO RODOVIÁRIO S.A.;86
10/04/2009 00:00;1958;2015;2009;4;PP;WILLIAM WOO;LOCOMOÇÃO, ALIMENTAÇÃO E  HOSPEDAGEM;;DERSA DESENVOLVIMENTO RODOVIÁRIO S.A.;86
25/05/2009 00:00;1958;2015;2009;5;PP;WILLIAM WOO;LOCOMOÇÃO, ALIMENTAÇÃO E  HOSPEDAGEM;;DERSA DESENVOLVIMENTO S.A.;86
24/05/2009 00:00;1958;2015;2009;5;PP;WILLIAM WOO;LOCOMOÇÃO, ALIMENTAÇÃO E  HOSPEDAGEM;;DERSA DESENVOLVIMENTO S.A.;86
22/04/2009 00:00;1958;2015;2009;4;PP;WILLIAM WOO;LOCOMOÇÃO, ALIMENTAÇÃO E  HOSPEDAGEM;;ELBA ESPÍRITO SANTO SARDINHA FERREIRA - ME;20
08/04/2009 00:00;1958;2015;2009;4;PP;WILLIAM WOO;LOCOMOÇÃO, ALIMENTAÇÃO E  HOSPEDAGEM;;ENILVA DIAS HATA - RESTAURANTE ME;64
19/06/2009 00:00;1958;2015;2009;6;PP;WILLIAM WOO;LOCOMOÇÃO, ALIMENTAÇÃO E  HOSPEDAGEM;;FAUSTO RESTAURANTE LTDA.;58
13/04/2009 00:00;1958;2015;2009;4;PP;WILLIAM WOO;LOCOMOÇÃO, ALIMENTAÇÃO E  HOSPEDAGEM;;LAPA CHOPERIA E RESTAURANTE LTDA. EPP;40
23/05/2009 00:00;1958;2015;2009;5;PP;WILLIAM WOO;LOCOMOÇÃO, ALIMENTAÇÃO E  HOSPEDAGEM;;LIDER HOTEL LTDA. - EPP;1838
08/05/2009 00:00;1958;2015;2009;5;PP;WILLIAM WOO;LOCOMOÇÃO, ALIMENTAÇÃO E  HOSPEDAGEM;;LILIAN ELIANE FISCHER ROMANO - ME;171
05/05/2009 00:00;1958;2015;2009;5;PP;WILLIAM WOO;LOCOMOÇÃO, ALIMENTAÇÃO E  HOSPEDAGEM;;NATURETTO RESTAURANTE NATURAL LTDA. - ME;63
06/05/2009 00:00;1958;2015;2009;5;PP;WILLIAM WOO;LOCOMOÇÃO, ALIMENTAÇÃO E  HOSPEDAGEM;;OMENA CONTE MAZZARI - RESTAURANTE - EPP;1188
09/04/2009 00:00;1958;2015;2009;4;PP;WILLIAM WOO;LOCOMOÇÃO, ALIMENTAÇÃO E  HOSPEDAGEM;;PANIFICADORA JARDIM DO EDEN LTDA. - EPP;155
17/04/2009 00:00;1958;2015;2009;4;PP;WILLIAM WOO;LOCOMOÇÃO, ALIMENTAÇÃO E  HOSPEDAGEM;;PANIFICADORA JARDIM DO EDEN LTDA. - EPP;322
04/05/2009 00:00;1958;2015;2009;5;PP;WILLIAM WOO;LOCOMOÇÃO, ALIMENTAÇÃO E  HOSPEDAGEM;;PANIFICADORA JARDIM DO ÉDEN LTDA. - EPP;25
11/05/2009 00:00;1958;2015;2009;5;PP;WILLIAM WOO;LOCOMOÇÃO, ALIMENTAÇÃO E  HOSPEDAGEM;;PANIFICADORA JARDIM DO EDEN LTDA. - EPP;25
19/06/2009 00:00;1958;2015;2009;6;PP;WILLIAM WOO;LOCOMOÇÃO, ALIMENTAÇÃO E  HOSPEDAGEM;;PANIFICADORA JARDIM DO EDEN LTDA. - EPP;69
25/06/2009 00:00;1958;2015;2009;6;PP;WILLIAM WOO;LOCOMOÇÃO, ALIMENTAÇÃO E  HOSPEDAGEM;;PANIFICADORA JARDIM DO EDEN LTDA. - EPP;94
28/04/2009 00:00;1958;2015;2009;4;PP;WILLIAM WOO;LOCOMOÇÃO, ALIMENTAÇÃO E  HOSPEDAGEM;;PBJM COMÉCIO DE GÊNEROS ALIMENTÍCIOS LTDA.;35
15/04/2009 00:00;1958;2015;2009;4;PP;WILLIAM WOO;LOCOMOÇÃO, ALIMENTAÇÃO E  HOSPEDAGEM;;PBJM COMÉRCIO DE GÊNEROS ALIMENTÍCIOS LTDA.;3776
16/04/2009 00:00;1958;2015;2009;4;PP;WILLIAM WOO;LOCOMOÇÃO, ALIMENTAÇÃO E  HOSPEDAGEM;;POSTO BOLA PESADA LTDA.;14001
23/06/2009 00:00;1958;2015;2009;6;PP;WILLIAM WOO;LOCOMOÇÃO, ALIMENTAÇÃO E  HOSPEDAGEM;;RA CATERING LTDA.;124
27/04/2009 00:00;1958;2015;2009;4;PP;WILLIAM WOO;LOCOMOÇÃO, ALIMENTAÇÃO E  HOSPEDAGEM;;RESTAURANTE E CANTINA MAMA LEONE LTDA.;37
14/04/2009 00:00;1958;2015;2009;4;PP;WILLIAM WOO;LOCOMOÇÃO, ALIMENTAÇÃO E  HOSPEDAGEM;;RESTAURANTE GOLDEN GRAGON LTDA.;42
06/06/2009 00:00;1958;2015;2009;6;PP;WILLIAM WOO;LOCOMOÇÃO, ALIMENTAÇÃO E  HOSPEDAGEM;;RODOVIA DAS COLINAS S/A;6
06/06/2009 00:00;1958;2015;2009;6;PP;WILLIAM WOO;LOCOMOÇÃO, ALIMENTAÇÃO E  HOSPEDAGEM;;RODOVIA DAS COLINAS S/A;6
09/05/2009 00:00;1958;2015;2009;5;PP;WILLIAM WOO;LOCOMOÇÃO, ALIMENTAÇÃO E  HOSPEDAGEM;;RODOVIA DAS COLINAS S/A;6
11/06/2009 00:00;1958;2015;2009;6;PP;WILLIAM WOO;LOCOMOÇÃO, ALIMENTAÇÃO E  HOSPEDAGEM;;RODOVIA DAS COLINAS S/A;6
28/03/2009 00:00;1958;2015;2009;3;PP;WILLIAM WOO;LOCOMOÇÃO, ALIMENTAÇÃO E  HOSPEDAGEM;;RODOVIAS DAS COLINAS S/A;6
28/03/2009 00:00;1958;2015;2009;3;PP;WILLIAM WOO;LOCOMOÇÃO, ALIMENTAÇÃO E  HOSPEDAGEM;;RODOVIAS DAS COLINAS S/A;5
06/06/2009 00:00;1958;2015;2009;6;PP;WILLIAM WOO;LOCOMOÇÃO, ALIMENTAÇÃO E  HOSPEDAGEM;;RODOVIAS INTEGRADAS DO OESTE S.A;68
09/05/2009 00:00;1958;2015;2009;5;PP;WILLIAM WOO;LOCOMOÇÃO, ALIMENTAÇÃO E  HOSPEDAGEM;;RODOVIAS INTEGRADAS DO OESTE S.A;68
06/06/2009 00:00;1958;2015;2009;6;PP;WILLIAM WOO;LOCOMOÇÃO, ALIMENTAÇÃO E  HOSPEDAGEM;;RODOVIAS INTEGRADAS DO OESTE S.A;68
11/06/2009 00:00;1958;2015;2009;6;PP;WILLIAM WOO;LOCOMOÇÃO, ALIMENTAÇÃO E  HOSPEDAGEM;;RODOVIAS INTEGRADAS DO OESTE S.A;68
10/05/2009 00:00;1958;2015;2009;5;PP;WILLIAM WOO;LOCOMOÇÃO, ALIMENTAÇÃO E  HOSPEDAGEM;;RODOVIAS INTEGRADAS DO OESTE S.A;7
12/04/2009 00:00;1958;2015;2009;4;PP;WILLIAM WOO;LOCOMOÇÃO, ALIMENTAÇÃO E  HOSPEDAGEM;;RODOVIAS INTEGRADAS DO OESTE S.A;7
01/06/2009 00:00;1958;2015;2009;6;PP;WILLIAM WOO;LOCOMOÇÃO, ALIMENTAÇÃO E  HOSPEDAGEM;;RODOVIAS INTEGRADAS DO OESTE S.A;7
21/04/2009 00:00;1958;2015;2009;4;PP;WILLIAM WOO;LOCOMOÇÃO, ALIMENTAÇÃO E  HOSPEDAGEM;;RODOVIAS INTEGRADAS DO OESTE S.A;7
28/03/2009 00:00;1958;2015;2009;3;PP;WILLIAM WOO;LOCOMOÇÃO, ALIMENTAÇÃO E  HOSPEDAGEM;;RODOVIAS INTEGRADAS DO OESTE S/A;68
28/03/2009 00:00;1958;2015;2009;3;PP;WILLIAM WOO;LOCOMOÇÃO, ALIMENTAÇÃO E  HOSPEDAGEM;;RODOVIAS INTEGRADAS DO OESTE S/A;68
08/02/2009 00:00;1958;2015;2009;2;PP;WILLIAM WOO;LOCOMOÇÃO, ALIMENTAÇÃO E  HOSPEDAGEM;;RODOVIAS INTEGRADAS DO OESTE S/A;7
30/04/2009 00:00;1958;2015;2009;4;PP;WILLIAM WOO;LOCOMOÇÃO, ALIMENTAÇÃO E  HOSPEDAGEM;;SERV. NAC. DE APRENDIZAGEM COMERCIAL - SENAC;10
21/05/2009 00:00;1958;2015;2009;5;PP;WILLIAM WOO;LOCOMOÇÃO, ALIMENTAÇÃO E  HOSPEDAGEM;;SIMÃO SOCORRO E CIA LTDA.;25
20/04/2009 00:00;1958;2015;2009;4;PP;WILLIAM WOO;LOCOMOÇÃO, ALIMENTAÇÃO E  HOSPEDAGEM;;SULTANE LANCHES LTDA. - ME;35
26/04/2009 00:00;1958;2015;2009;4;PP;WILLIAM WOO;LOCOMOÇÃO, ALIMENTAÇÃO E  HOSPEDAGEM;;SUPERMERCADO FERNANDES DE IGARAÇU LTDA.;1138
12/04/2009 00:00;1958;2015;2009;4;PP;WILLIAM WOO;LOCOMOÇÃO, ALIMENTAÇÃO E  HOSPEDAGEM;;VIAÇÃO COMETA S.A.;3117
08/05/2009 00:00;1958;2015;2009;5;PP;WILLIAM WOO;LOCOMOÇÃO, ALIMENTAÇÃO E  HOSPEDAGEM;;VIAÇÃO COMETA S.A.;37
01/04/2009 00:00;1958;2015;2009;4;PP;WILLIAM WOO;LOCOMOÇÃO, ALIMENTAÇÃO E  HOSPEDAGEM;;VIAÇÃO COMETA S.A.;3365
04/04/2009 00:00;1958;2015;2009;4;PP;WILLIAM WOO;LOCOMOÇÃO, ALIMENTAÇÃO E  HOSPEDAGEM;;VIAÇÃO COMETA S.A.;322
03/04/2009 00:00;1958;2015;2009;4;PP;WILLIAM WOO;LOCOMOÇÃO, ALIMENTAÇÃO E  HOSPEDAGEM;;VIAÇÃO GARCIA LTDA.;4795
03/04/2009 00:00;1958;2015;2009;4;PP;WILLIAM WOO;LOCOMOÇÃO, ALIMENTAÇÃO E  HOSPEDAGEM;;VIAÇÃO GARCIA LTDA.;1018
01/04/2009 00:00;1958;2015;2009;4;PP;WILLIAM WOO;LOCOMOÇÃO, ALIMENTAÇÃO E  HOSPEDAGEM;;VIAÇÃO GARCIA LTDA.;4787
01/04/2009 00:00;1958;2015;2009;4;PP;WILLIAM WOO;LOCOMOÇÃO, ALIMENTAÇÃO E  HOSPEDAGEM;;VIAÇÃO GARCIA LTDA.;4787
08/08/2009 00:00;1958;2015;2009;8;PP;WILLIAM WOO;COMBUSTÍVEIS E LUBRIFICANTES.;Veículos Automotores;5200 POSTO DE SERVIÇOS LTDA.;25
02/07/2009 00:00;1958;2015;2009;7;PP;WILLIAM WOO;COMBUSTÍVEIS E LUBRIFICANTES.;Veículos Automotores;A.G. DE PINHO & CIA LTDA.;40
26/09/2009 00:00;1958;2015;2009;9;PP;WILLIAM WOO;COMBUSTÍVEIS E LUBRIFICANTES.;Veículos Automotores;AMAZONAS SERVIÇOS E ABASTECIMENTO LTDA.;10
08/10/2009 00:00;1958;2015;2009;10;PP;WILLIAM WOO;COMBUSTÍVEIS E LUBRIFICANTES.;Veículos Automotores;ANHAIA MELLO COMÉRCIO DE COMBUSTÍVEIS LTDA.;20
14/09/2009 00:00;1958;2015;2009;9;PP;WILLIAM WOO;COMBUSTÍVEIS E LUBRIFICANTES.;Veículos Automotores;ATLANTICA AUTO POSTO DE CONVENIENCIA LTDA.;50
26/03/2009 00:00;1958;2015;2009;3;PP;WILLIAM WOO;COMBUSTÍVEIS E LUBRIFICANTES.;Veículos Automotores;ATLANTICA AUTO POSTO E CONVENIENCIA LTDA.;10
23/09/2009 00:00;1958;2015;2009;9;PP;WILLIAM WOO;COMBUSTÍVEIS E LUBRIFICANTES.;Veículos Automotores;ATLANTICA AUTO POSTO E CONVENIENCIA LTDA.;50
23/07/2009 00:00;1958;2015;2009;7;PP;WILLIAM WOO;COMBUSTÍVEIS E LUBRIFICANTES.;Veículos Automotores;AUTO  POSTO SANTOS DUMONT LTDA.;1001
01/05/2009 00:00;1958;2015;2009;5;PP;WILLIAM WOO;COMBUSTÍVEIS E LUBRIFICANTES.;Veículos Automotores;AUTO POSTO  2000 LTDA;30
03/05/2009 00:00;1958;2015;2009;5;PP;WILLIAM WOO;COMBUSTÍVEIS E LUBRIFICANTES.;Veículos Automotores;AUTO POSTO  2000 LTDA;40
12/06/2009 00:00;1958;2015;2009;6;PP;WILLIAM WOO;COMBUSTÍVEIS E LUBRIFICANTES.;Veículos Automotores;AUTO POSTO 108 LTDA;47
11/09/2009 00:00;1958;2015;2009;9;PP;WILLIAM WOO;COMBUSTÍVEIS E LUBRIFICANTES.;Veículos Automotores;AUTO POSTO 108 LTDA;58
12/05/2009 00:00;1958;2015;2009;5;PP;WILLIAM WOO;COMBUSTÍVEIS E LUBRIFICANTES.;Veículos Automotores;AUTO POSTO 108 LTDA.;46
08/08/2009 00:00;1958;2015;2009;8;PP;WILLIAM WOO;COMBUSTÍVEIS E LUBRIFICANTES.;Veículos Automotores;AUTO POSTO 108 LTDA.;30
16/09/2009 00:00;1958;2015;2009;9;PP;WILLIAM WOO;COMBUSTÍVEIS E LUBRIFICANTES.;Veículos Automotores;AUTO POSTO 108 LTDA.;52
24/10/2009 00:00;1958;2015;2009;10;PP;WILLIAM WOO;COMBUSTÍVEIS E LUBRIFICANTES.;Veículos Automotores;AUTO POSTO 108 LTDA.;61
16/11/2009 00:00;1958;2015;2009;11;PP;WILLIAM WOO;COMBUSTÍVEIS E LUBRIFICANTES.;Veículos Automotores;AUTO POSTO 108 LTDA.;5604
03/11/2009 00:00;1958;2015;2009;11;PP;WILLIAM WOO;COMBUSTÍVEIS E LUBRIFICANTES.;Veículos Automotores;AUTO POSTO 111 LTDA.;50
14/05/2009 00:00;1958;2015;2009;5;PP;WILLIAM WOO;COMBUSTÍVEIS E LUBRIFICANTES.;Veículos Automotores;AUTO POSTO 2000 LTDA.;15
20/05/2009 00:00;1958;2015;2009;5;PP;WILLIAM WOO;COMBUSTÍVEIS E LUBRIFICANTES.;Veículos Automotores;AUTO POSTO 5300 LTDA.;30
27/04/2009 00:00;1958;2015;2009;4;PP;WILLIAM WOO;COMBUSTÍVEIS E LUBRIFICANTES.;Veículos Automotores;AUTO POSTO AEROPORTO LTDA.;119
06/05/2009 00:00;1958;2015;2009;5;PP;WILLIAM WOO;COMBUSTÍVEIS E LUBRIFICANTES.;Veículos Automotores;AUTO POSTO AEROPORTO LTDA.;50
07/04/2009 00:00;1958;2015;2009;4;PP;WILLIAM WOO;COMBUSTÍVEIS E LUBRIFICANTES.;Veículos Automotores;AUTO POSTO AEROPORTO LTDA.;11999
12/05/2009 00:00;1958;2015;2009;5;PP;WILLIAM WOO;COMBUSTÍVEIS E LUBRIFICANTES.;Veículos Automotores;AUTO POSTO AEROPORTO LTDA.;11944
26/05/2009 00:00;1958;2015;2009;5;PP;WILLIAM WOO;COMBUSTÍVEIS E LUBRIFICANTES.;Veículos Automotores;AUTO POSTO AEROPORTO LTDA.;50
28/05/2009 00:00;1958;2015;2009;5;PP;WILLIAM WOO;COMBUSTÍVEIS E LUBRIFICANTES.;Veículos Automotores;AUTO POSTO AEROPORTO LTDA.;20
16/06/2009 00:00;1958;2015;2009;6;PP;WILLIAM WOO;COMBUSTÍVEIS E LUBRIFICANTES.;Veículos Automotores;AUTO POSTO AEROPORTO LTDA.;11507
11/08/2009 00:00;1958;2015;2009;8;PP;WILLIAM WOO;COMBUSTÍVEIS E LUBRIFICANTES.;Veículos Automotores;AUTO POSTO AEROPORTO LTDA.;12603
13/08/2009 00:00;1958;2015;2009;8;PP;WILLIAM WOO;COMBUSTÍVEIS E LUBRIFICANTES.;Veículos Automotores;AUTO POSTO AEROPORTO LTDA.;7502
27/08/2009 00:00;1958;2015;2009;8;PP;WILLIAM WOO;COMBUSTÍVEIS E LUBRIFICANTES.;Veículos Automotores;AUTO POSTO AEROPORTO LTDA.;10006
03/09/2009 00:00;1958;2015;2009;9;PP;WILLIAM WOO;COMBUSTÍVEIS E LUBRIFICANTES.;Veículos Automotores;AUTO POSTO AEROPORTO LTDA.;100
17/09/2009 00:00;1958;2015;2009;9;PP;WILLIAM WOO;COMBUSTÍVEIS E LUBRIFICANTES.;Veículos Automotores;AUTO POSTO AEROPORTO LTDA.;50
22/09/2009 00:00;1958;2015;2009;9;PP;WILLIAM WOO;COMBUSTÍVEIS E LUBRIFICANTES.;Veículos Automotores;AUTO POSTO AEROPORTO LTDA.;7701
14/10/2009 00:00;1958;2015;2009;10;PP;WILLIAM WOO;COMBUSTÍVEIS E LUBRIFICANTES.;Veículos Automotores;AUTO POSTO AEROPORTO LTDA.;30
10/11/2009 00:00;1958;2015;2009;11;PP;WILLIAM WOO;COMBUSTÍVEIS E LUBRIFICANTES.;Veículos Automotores;AUTO POSTO AEROPORTO LTDA.;50
17/11/2009 00:00;1958;2015;2009;11;PP;WILLIAM WOO;COMBUSTÍVEIS E LUBRIFICANTES.;Veículos Automotores;AUTO POSTO AEROPORTO LTDA.;11902
04/11/2009 00:00;1958;2015;2009;11;PP;WILLIAM WOO;COMBUSTÍVEIS E LUBRIFICANTES.;Veículos Automotores;AUTO POSTO ARINELLA BROOKLIN LTDA;2001
18/09/2009 00:00;1958;2015;2009;9;PP;WILLIAM WOO;COMBUSTÍVEIS E LUBRIFICANTES.;Veículos Automotores;AUTO POSTO B.M. FAZENDINHA LTDA.;50
01/10/2009 00:00;1958;2015;2009;10;PP;WILLIAM WOO;COMBUSTÍVEIS E LUBRIFICANTES.;Veículos Automotores;AUTO POSTO BANDI LTDA.;10
07/08/2009 00:00;1958;2015;2009;8;PP;WILLIAM WOO;COMBUSTÍVEIS E LUBRIFICANTES.;Veículos Automotores;AUTO POSTO BEIRIZ LTDA.;20
27/04/2009 00:00;1958;2015;2009;4;PP;WILLIAM WOO;COMBUSTÍVEIS E LUBRIFICANTES.;Veículos Automotores;AUTO POSTO BELA CINTRA LTDA.;10002
08/11/2009 00:00;1958;2015;2009;11;PP;WILLIAM WOO;COMBUSTÍVEIS E LUBRIFICANTES.;Veículos Automotores;AUTO POSTO BENETS LTDA.;62
25/03/2009 00:00;1958;2015;2009;3;PP;WILLIAM WOO;COMBUSTÍVEIS E LUBRIFICANTES.;Veículos Automotores;AUTO POSTO BENETS LTDA.;4509
05/06/2009 00:00;1958;2015;2009;6;PP;WILLIAM WOO;COMBUSTÍVEIS E LUBRIFICANTES.;Veículos Automotores;AUTO POSTO BENETS LTDA.;4001
07/10/2009 00:00;1958;2015;2009;10;PP;WILLIAM WOO;COMBUSTÍVEIS E LUBRIFICANTES.;Veículos Automotores;AUTO POSTO BIRIBA LTDA.;10
28/09/2009 00:00;1958;2015;2009;9;PP;WILLIAM WOO;COMBUSTÍVEIS E LUBRIFICANTES.;Veículos Automotores;AUTO POSTO BOM PASTOR LTDA.;20
10/10/2009 00:00;1958;2015;2009;10;PP;WILLIAM WOO;COMBUSTÍVEIS E LUBRIFICANTES.;Veículos Automotores;AUTO POSTO CARIOCA LTDA.;50
27/08/2009 00:00;1958;2015;2009;8;PP;WILLIAM WOO;COMBUSTÍVEIS E LUBRIFICANTES.;Veículos Automotores;AUTO POSTO CASA GRANDE LTDA.;12168
08/08/2009 00:00;1958;2015;2009;8;PP;WILLIAM WOO;COMBUSTÍVEIS E LUBRIFICANTES.;Veículos Automotores;AUTO POSTO CASTELAO 91 LTDA.;20
21/05/2009 00:00;1958;2015;2009;5;PP;WILLIAM WOO;COMBUSTÍVEIS E LUBRIFICANTES.;Veículos Automotores;AUTO POSTO CENTER PARAÍSO - LTDA.;20
06/06/2009 00:00;1958;2015;2009;6;PP;WILLIAM WOO;COMBUSTÍVEIS E LUBRIFICANTES.;Veículos Automotores;AUTO POSTO CENTER PARAÍSO - LTDA.;20
02/10/2009 00:00;1958;2015;2009;10;PP;WILLIAM WOO;COMBUSTÍVEIS E LUBRIFICANTES.;Veículos Automotores;AUTO POSTO CENTER PARAÍSO LTDA.;82
11/10/2009 00:00;1958;2015;2009;10;PP;WILLIAM WOO;COMBUSTÍVEIS E LUBRIFICANTES.;Veículos Automotores;AUTO POSTO CENTER PARAÍSO LTDA.;54
15/10/2009 00:00;1958;2015;2009;10;PP;WILLIAM WOO;COMBUSTÍVEIS E LUBRIFICANTES.;Veículos Automotores;AUTO POSTO CENTER PARAÍSO LTDA.;2998
03/11/2009 00:00;1958;2015;2009;11;PP;WILLIAM WOO;COMBUSTÍVEIS E LUBRIFICANTES.;Veículos Automotores;AUTO POSTO CENTER PARAÍSO LTDA.;456
09/11/2009 00:00;1958;2015;2009;11;PP;WILLIAM WOO;COMBUSTÍVEIS E LUBRIFICANTES.;Veículos Automotores;AUTO POSTO CENTER PARAÍSO LTDA.;515
16/11/2009 00:00;1958;2015;2009;11;PP;WILLIAM WOO;COMBUSTÍVEIS E LUBRIFICANTES.;Veículos Automotores;AUTO POSTO CENTER PARAÍSO LTDA.;708
23/11/2009 00:00;1958;2015;2009;11;PP;WILLIAM WOO;COMBUSTÍVEIS E LUBRIFICANTES.;Veículos Automotores;AUTO POSTO CENTER PARAISO LTDA.;569
07/12/2009 00:00;1958;2015;2009;12;PP;WILLIAM WOO;COMBUSTÍVEIS E LUBRIFICANTES.;Veículos Automotores;AUTO POSTO CENTER PARAISO LTDA.;707
03/11/2009 00:00;1958;2015;2009;11;PP;WILLIAM WOO;COMBUSTÍVEIS E LUBRIFICANTES.;Veículos Automotores;AUTO POSTO CENTER PARAÍSO LTDA.;110
12/03/2009 00:00;1958;2015;2009;3;PP;WILLIAM WOO;COMBUSTÍVEIS E LUBRIFICANTES.;Veículos Automotores;AUTO POSTO CENTER PARAISO LTDA.;88
10/04/2009 00:00;1958;2015;2009;4;PP;WILLIAM WOO;COMBUSTÍVEIS E LUBRIFICANTES.;Veículos Automotores;AUTO POSTO CENTER PARAISO LTDA.;127
12/04/2009 00:00;1958;2015;2009;4;PP;WILLIAM WOO;COMBUSTÍVEIS E LUBRIFICANTES.;Veículos Automotores;AUTO POSTO CENTER PARAISO LTDA.;108
03/07/2009 00:00;1958;2015;2009;7;PP;WILLIAM WOO;COMBUSTÍVEIS E LUBRIFICANTES.;Veículos Automotores;AUTO POSTO CENTER PARAISO LTDA.;100
24/07/2009 00:00;1958;2015;2009;7;PP;WILLIAM WOO;COMBUSTÍVEIS E LUBRIFICANTES.;Veículos Automotores;AUTO POSTO CENTER PARAÍSO LTDA.;50
15/08/2009 00:00;1958;2015;2009;8;PP;WILLIAM WOO;COMBUSTÍVEIS E LUBRIFICANTES.;Veículos Automotores;AUTO POSTO CENTER PARAISO LTDA.;100
06/09/2009 00:00;1958;2015;2009;9;PP;WILLIAM WOO;COMBUSTÍVEIS E LUBRIFICANTES.;Veículos Automotores;AUTO POSTO CENTER PARAÍSO LTDA.;116
16/09/2009 00:00;1958;2015;2009;9;PP;WILLIAM WOO;COMBUSTÍVEIS E LUBRIFICANTES.;Veículos Automotores;AUTO POSTO CENTER PARAÍSO LTDA.;107
09/09/2009 00:00;1958;2015;2009;9;PP;WILLIAM WOO;COMBUSTÍVEIS E LUBRIFICANTES.;Veículos Automotores;AUTO POSTO CERRO CORA LTDA.;10
21/10/2009 00:00;1958;2015;2009;10;PP;WILLIAM WOO;COMBUSTÍVEIS E LUBRIFICANTES.;Veículos Automotores;AUTO POSTO CINCO ESQUINAS LTDA.;50
14/06/2009 00:00;1958;2015;2009;6;PP;WILLIAM WOO;COMBUSTÍVEIS E LUBRIFICANTES.;Veículos Automotores;AUTO POSTO COREONEL LTDA.;116
27/08/2009 00:00;1958;2015;2009;8;PP;WILLIAM WOO;COMBUSTÍVEIS E LUBRIFICANTES.;Veículos Automotores;AUTO POSTO CORONEL;3902
20/11/2009 00:00;1958;2015;2009;11;PP;WILLIAM WOO;COMBUSTÍVEIS E LUBRIFICANTES.;Veículos Automotores;AUTO POSTO CORONEL;122
31/05/2009 00:00;1958;2015;2009;5;PP;WILLIAM WOO;COMBUSTÍVEIS E LUBRIFICANTES.;Veículos Automotores;AUTO POSTO CORONEL DIOGO LTDA.;30
10/04/2009 00:00;1958;2015;2009;4;PP;WILLIAM WOO;COMBUSTÍVEIS E LUBRIFICANTES.;Veículos Automotores;AUTO POSTO CORONEL LTDA.;90
15/07/2009 00:00;1958;2015;2009;7;PP;WILLIAM WOO;COMBUSTÍVEIS E LUBRIFICANTES.;Veículos Automotores;AUTO POSTO CORONEL LTDA.;117
24/09/2009 00:00;1958;2015;2009;9;PP;WILLIAM WOO;COMBUSTÍVEIS E LUBRIFICANTES.;Veículos Automotores;AUTO POSTO CORONEL LTDA.;100
08/11/2009 00:00;1958;2015;2009;11;PP;WILLIAM WOO;COMBUSTÍVEIS E LUBRIFICANTES.;Veículos Automotores;AUTO POSTO CORONEL LTDA.;123
15/05/2009 00:00;1958;2015;2009;5;PP;WILLIAM WOO;COMBUSTÍVEIS E LUBRIFICANTES.;Veículos Automotores;AUTO POSTO DE SERVIÇOS MARV. LTDA.;1395
09/04/2009 00:00;1958;2015;2009;4;PP;WILLIAM WOO;COMBUSTÍVEIS E LUBRIFICANTES.;Veículos Automotores;AUTO POSTO DILMA LTDA.;20
10/11/2009 00:00;1958;2015;2009;11;PP;WILLIAM WOO;COMBUSTÍVEIS E LUBRIFICANTES.;Veículos Automotores;AUTO POSTO DILMA LTDA.;87
04/04/2009 00:00;1958;2015;2009;4;PP;WILLIAM WOO;COMBUSTÍVEIS E LUBRIFICANTES.;Veículos Automotores;AUTO POSTO DUQUE BERRINI LTDA.;1158
21/05/2009 00:00;1958;2015;2009;5;PP;WILLIAM WOO;COMBUSTÍVEIS E LUBRIFICANTES.;Veículos Automotores;AUTO POSTO DUQUE BERRINI LTDA.;11428
02/10/2009 00:00;1958;2015;2009;10;PP;WILLIAM WOO;COMBUSTÍVEIS E LUBRIFICANTES.;Veículos Automotores;AUTO POSTO DUQUE JK LTDA.;2001
15/10/2009 00:00;1958;2015;2009;10;PP;WILLIAM WOO;COMBUSTÍVEIS E LUBRIFICANTES.;Veículos Automotores;AUTO POSTO DUQUE PIRATINIS LTDA.;14162
02/09/2009 00:00;1958;2015;2009;9;PP;WILLIAM WOO;COMBUSTÍVEIS E LUBRIFICANTES.;Veículos Automotores;AUTO POSTO DUQUE SALIM MALUF LTDA.;10858
23/05/2009 00:00;1958;2015;2009;5;PP;WILLIAM WOO;COMBUSTÍVEIS E LUBRIFICANTES.;Veículos Automotores;AUTO POSTO E SERVIÇOS ANDORINHA RIO CLARO LTDA.;10203
20/04/2009 00:00;1958;2015;2009;4;PP;WILLIAM WOO;COMBUSTÍVEIS E LUBRIFICANTES.;Veículos Automotores;AUTO POSTO E-4 LTDA.;30
21/10/2009 00:00;1958;2015;2009;10;PP;WILLIAM WOO;COMBUSTÍVEIS E LUBRIFICANTES.;Veículos Automotores;AUTO POSTO ENGENHEIRO LTDA.;50
15/11/2009 00:00;1958;2015;2009;11;PP;WILLIAM WOO;COMBUSTÍVEIS E LUBRIFICANTES.;Veículos Automotores;AUTO POSTO ESCALADA LTDA.;7251
25/08/2009 00:00;1958;2015;2009;8;PP;WILLIAM WOO;COMBUSTÍVEIS E LUBRIFICANTES.;Veículos Automotores;AUTO POSTO EWAMARO LTDA.;149
27/05/2009 00:00;1958;2015;2009;5;PP;WILLIAM WOO;COMBUSTÍVEIS E LUBRIFICANTES.;Veículos Automotores;AUTO POSTO EXPED VILA GRANADA LTDA - EPP;20
14/10/2009 00:00;1958;2015;2009;10;PP;WILLIAM WOO;COMBUSTÍVEIS E LUBRIFICANTES.;Veículos Automotores;AUTO POSTO EXPRESSO BRASIL LTDA.;20
30/04/2009 00:00;1958;2015;2009;4;PP;WILLIAM WOO;COMBUSTÍVEIS E LUBRIFICANTES.;Veículos Automotores;AUTO POSTO F.L. 1 LTDA.;3255
06/07/2009 00:00;1958;2015;2009;7;PP;WILLIAM WOO;COMBUSTÍVEIS E LUBRIFICANTES.;Veículos Automotores;AUTO POSTO FERRACINI E SOUZA LTDA.;20
22/05/2009 00:00;1958;2015;2009;5;PP;WILLIAM WOO;COMBUSTÍVEIS E LUBRIFICANTES.;Veículos Automotores;AUTO POSTO FLÓRIDA RIBEIRÃO PRETO LTDA.;125
14/10/2009 00:00;1958;2015;2009;10;PP;WILLIAM WOO;COMBUSTÍVEIS E LUBRIFICANTES.;Veículos Automotores;AUTO POSTO FORCA MAXIMA LTDA.;15
11/05/2009 00:00;1958;2015;2009;5;PP;WILLIAM WOO;COMBUSTÍVEIS E LUBRIFICANTES.;Veículos Automotores;AUTO POSTO FRANCISCO MORATO LTDA.;30
05/03/2009 00:00;1958;2015;2009;3;PP;WILLIAM WOO;COMBUSTÍVEIS E LUBRIFICANTES.;Veículos Automotores;AUTO POSTO GALENA LTDA.;50
29/10/2009 00:00;1958;2015;2009;10;PP;WILLIAM WOO;COMBUSTÍVEIS E LUBRIFICANTES.;Veículos Automotores;AUTO POSTO GALENA LTDA.;12107
03/11/2009 00:00;1958;2015;2009;11;PP;WILLIAM WOO;COMBUSTÍVEIS E LUBRIFICANTES.;Veículos Automotores;AUTO POSTO GOLD STAR LTDA.;30
16/10/2009 00:00;1958;2015;2009;10;PP;WILLIAM WOO;COMBUSTÍVEIS E LUBRIFICANTES.;Veículos Automotores;AUTO POSTO GREEN LTDA.;20
18/09/2009 00:00;1958;2015;2009;9;PP;WILLIAM WOO;COMBUSTÍVEIS E LUBRIFICANTES.;Veículos Automotores;AUTO POSTO GUARARAPES LTDA.;13245
26/11/2009 00:00;1958;2015;2009;11;PP;WILLIAM WOO;COMBUSTÍVEIS E LUBRIFICANTES.;Veículos Automotores;AUTO POSTO IMPERIAL;11304
14/06/2009 00:00;1958;2015;2009;6;PP;WILLIAM WOO;COMBUSTÍVEIS E LUBRIFICANTES.;Veículos Automotores;AUTO POSTO IMPERIO LTDA.;20
12/09/2009 00:00;1958;2015;2009;9;PP;WILLIAM WOO;COMBUSTÍVEIS E LUBRIFICANTES.;Veículos Automotores;AUTO POSTO IMPÉRIO LTDA.;115
31/10/2009 00:00;1958;2015;2009;10;PP;WILLIAM WOO;COMBUSTÍVEIS E LUBRIFICANTES.;Veículos Automotores;AUTO POSTO IMPERIO LTDA.;8217
23/07/2009 00:00;1958;2015;2009;7;PP;WILLIAM WOO;COMBUSTÍVEIS E LUBRIFICANTES.;Veículos Automotores;AUTO POSTO INDEPENDENCIA DO CAMBUCI LTDA;40
22/08/2009 00:00;1958;2015;2009;8;PP;WILLIAM WOO;COMBUSTÍVEIS E LUBRIFICANTES.;Veículos Automotores;AUTO POSTO INDEPENDENCIA DO CAMBUCI LTDA;60
25/08/2009 00:00;1958;2015;2009;8;PP;WILLIAM WOO;COMBUSTÍVEIS E LUBRIFICANTES.;Veículos Automotores;AUTO POSTO INDEPENDENCIA DO CAMBUCI LTDA;20
20/04/2009 00:00;1958;2015;2009;4;PP;WILLIAM WOO;COMBUSTÍVEIS E LUBRIFICANTES.;Veículos Automotores;AUTO POSTO INDEPENDÊNCIA DO CAMBUCI LTDA.;20
06/08/2009 00:00;1958;2015;2009;8;PP;WILLIAM WOO;COMBUSTÍVEIS E LUBRIFICANTES.;Veículos Automotores;AUTO POSTO INDEPENDENCIA DO CAMBUCI LTDA.;20
09/09/2009 00:00;1958;2015;2009;9;PP;WILLIAM WOO;COMBUSTÍVEIS E LUBRIFICANTES.;Veículos Automotores;AUTO POSTO INDEPENDENCIA DO CAMBUCI LTDA.;50
09/10/2009 00:00;1958;2015;2009;10;PP;WILLIAM WOO;COMBUSTÍVEIS E LUBRIFICANTES.;Veículos Automotores;AUTO POSTO INVICTO LTDA.;10
13/05/2009 00:00;1958;2015;2009;5;PP;WILLIAM WOO;COMBUSTÍVEIS E LUBRIFICANTES.;Veículos Automotores;AUTO POSTO IRMÃOS VENTURA LTDA.;20
09/09/2009 00:00;1958;2015;2009;9;PP;WILLIAM WOO;COMBUSTÍVEIS E LUBRIFICANTES.;Veículos Automotores;AUTO POSTO IRMÃOS VENTURA LTDA.;50
25/09/2009 00:00;1958;2015;2009;9;PP;WILLIAM WOO;COMBUSTÍVEIS E LUBRIFICANTES.;Veículos Automotores;AUTO POSTO IRMÃOS VENTURA LTDA.;50
30/09/2009 00:00;1958;2015;2009;9;PP;WILLIAM WOO;COMBUSTÍVEIS E LUBRIFICANTES.;Veículos Automotores;AUTO POSTO IRMÃOS VENTURA LTDA.;50
01/10/2009 00:00;1958;2015;2009;10;PP;WILLIAM WOO;COMBUSTÍVEIS E LUBRIFICANTES.;Veículos Automotores;AUTO POSTO IRMÃOS VENTURA LTDA.;50
09/07/2009 00:00;1958;2015;2009;7;PP;WILLIAM WOO;COMBUSTÍVEIS E LUBRIFICANTES.;Veículos Automotores;AUTO POSTO JARDIM ITÁLAIA LTDA.;34
28/03/2009 00:00;1958;2015;2009;3;PP;WILLIAM WOO;COMBUSTÍVEIS E LUBRIFICANTES.;Veículos Automotores;AUTO POSTO JARDIM ITALIA LTDA.;478
20/06/2009 00:00;1958;2015;2009;6;PP;WILLIAM WOO;COMBUSTÍVEIS E LUBRIFICANTES.;Veículos Automotores;AUTO POSTO JARDIM ITALIA LTDA.;22
25/07/2009 00:00;1958;2015;2009;7;PP;WILLIAM WOO;COMBUSTÍVEIS E LUBRIFICANTES.;Veículos Automotores;AUTO POSTO JARDIM ITÁLIA LTDA.;3479
01/08/2009 00:00;1958;2015;2009;8;PP;WILLIAM WOO;COMBUSTÍVEIS E LUBRIFICANTES.;Veículos Automotores;AUTO POSTO JARDIM ITÁLIA LTDA.;32
15/08/2009 00:00;1958;2015;2009;8;PP;WILLIAM WOO;COMBUSTÍVEIS E LUBRIFICANTES.;Veículos Automotores;AUTO POSTO JARDIM ITÁLIA LTDA.;20
