id;name;gender;birthday;email;active
1782;Myrtie Taylor;Male;20/8/1979;koltisig@go.za;True
1369;Amy Watson;Female;10/10/1971;opizaod@uki.ht;False
1186;Willie Hart;Male;12/12/1996;jobiowa@kiohuuh.mc;False
1103;Anne Chavez;Male;23/9/1977;neeja@nemiene.aw;True
1275;Vernon Logan;Male;24/7/1997;teopohug@dome.km;True
1100;Bill Phelps;Female;8/12/1996;ezi@pe.ie;True
1773;Mabel Burton;Male;26/1/1953;tewihop@ku.uk;True
1890;Ronald Copeland;Female;19/3/1976;ma@lub.yt;True
1828;Tyler Washington;Male;1/3/1953;sipa@ki.bb;False
1642;Don Sparks;Male;20/7/1961;anaviner@utsoma.sg;False
1228;Alexander Hawkins;Female;11/10/1954;seckiki@uwedehud.nc;False
1589;Micheal Fletcher;Female;30/4/1958;saliuze@ze.fm;False
1287;Owen Dawson;Female;9/1/1997;navgevme@wirat.eh;True
1315;Alexander Norton;Female;24/9/1975;rilulpur@viwkag.bf;False
1346;Bernard Murray;Male;27/12/1969;bom@postojfe.as;True
1232;Luella Owen;Male;21/2/1994;zo@idigo.cf;True
1494;Robert Foster;Male;15/3/1997;tewene@era.vu;False
1276;Keith Ortiz;Male;8/1/1956;rab@hujaemo.bj;False
1800;Ricardo Mason;Female;20/12/1996;ce@me.vn;True
1668;Lewis Dunn;Female;10/11/1964;cuz@feop.ms;False
1036;Jeff Ramirez;Female;21/7/1964;se@ci.th;True
1523;Shawn Warren;Female;21/7/1972;bajhum@gahaje.cx;True
1557;Dale Jordan;Female;3/12/1987;ulagesopa@notfa.jp;True
1079;Adelaide Graham;Female;14/8/1993;ik@zi.tr;True
1134;Vernon Hunter;Female;31/5/1965;kusuwce@mu.my;False
1577;Justin Watts;Female;15/6/1975;gain@dah.fr;False
1893;Isabel Nash;Male;24/2/2000;jis@egoavrek.tg;True
1927;Vincent Floyd;Male;28/5/1990;vuh@fac.id;True
1814;Evan Mack;Male;12/3/1996;buhcaz@tav.jm;False
1046;Nell Underwood;Female;16/6/1954;telab@ep.nz;True
1379;Leon Mathis;Male;30/6/1958;wupece@uce.kh;False
1579;Bertie Patrick;Female;3/6/1998;gasiab@pizjacri.cg;True
1309;Franklin Erickson;Male;14/7/1954;fohcur@dew.sj;False
1358;Edna Vasquez;Female;26/10/1979;maze@ri.gt;False
1611;Rosie Bennett;Female;27/10/1955;pecsiihe@legawi.cx;True
1177;Beatrice Henry;Female;20/4/1976;kogjojdez@do.si;True
1623;Christine Griffin;Female;19/11/1961;ikeic@do.ma;True
1383;Cynthia Anderson;Female;22/6/1989;joujje@digrap.py;True
1251;Chester Pierce;Male;7/12/1961;sasokgac@ecuiba.sj;True
1130;Ray Martin;Female;4/12/1954;za@bijdit.gp;True
1543;Paul Burgess;Male;21/3/1953;desodzu@pol.cv;False
1870;Beatrice Matthews;Male;27/2/1986;iwepo@puviga.lu;False
1224;Frank Cruz;Male;23/9/1962;riikil@zid.jp;True
1662;Rosie Franklin;Male;29/10/1974;luvfi@hop.co;False
1879;Susie Dixon;Female;16/5/1975;jarug@atteg.nc;False
1157;Jose Moore;Male;4/3/1994;izewob@vawbi.tt;False
1314;Carrie Jimenez;Female;10/6/1961;iftuvnoj@umde.om;False
1191;Jeremiah Long;Female;16/8/1976;taje@tetu.yt;True
1203;Mario Cunningham;Male;3/10/1996;ob@wazeas.gu;True
1516;Juan West;Female;19/3/1962;mo@kac.cc;True
1988;Lois Weber;Male;18/12/1965;rufulil@zap.lb;False
1152;Walter Hicks;Female;21/4/1988;jevi@hi.mv;False
1125;Florence Davis;Female;20/3/1988;ipufa@oljicev.az;True
1080;Alejandro Richards;Female;18/9/1956;gewfo@ba.es;False
1910;Christina Gutierrez;Female;16/1/1983;je@cipdu.al;False
1726;Trevor Hamilton;Male;8/12/1973;edanufev@besbo.tp;False
1023;Tillie Haynes;Male;4/8/1956;jeggej@ti.ee;True
1719;Martha Mason;Female;26/1/1996;puclap@bizik.li;True
1892;Belle Maldonado;Male;25/3/1987;bi@agrec.bv;False
1504;Nathaniel Burton;Male;17/11/1995;dejlifbik@forube.ug;False
1147;Peter Phelps;Female;21/11/1958;kotdahdo@uhihup.cm;True
1982;Carolyn Neal;Male;5/9/1972;pilmun@zekfa.ag;False
1986;David Perkins;Female;28/1/1958;aca@wa.uk;True
1531;Clifford Patterson;Female;6/12/1974;az@waoro.mk;False
1724;Emily James;Male;30/7/1966;hecoake@wodokut.pe;True
1020;Edward Cooper;Male;11/3/1968;lovizco@jegjev.lk;True
1064;Mason Fernandez;Female;3/12/1987;vo@nugporo.co.uk;True
1222;Carolyn Manning;Female;21/11/1966;ti@mo.cl;False
1692;Martha Howell;Male;18/4/1959;bavac@neto.us;True
1026;Jeffery Sanchez;Male;17/6/1973;uwuzob@kibonec.at;True
1002;Juan Wong;Female;29/7/1982;lug@ew.fi;False
1601;William Foster;Male;4/5/1967;sewsaji@ivdais.bi;True
1809;Lulu Lamb;Male;22/12/2000;zupa@sef.jo;False
1037;Glen Matthews;Female;4/10/1962;niceci@gadkob.vu;False
1970;Jayden Larson;Female;12/3/1993;fi@orinan.fm;False
1962;Paul Washington;Male;26/2/1970;ese@ifu.ye;False
1527;Francisco Clayton;Female;11/12/1977;kolselir@bosophun.mq;False
1819;Hallie Blake;Male;1/1/1954;suil@negoebe.jp;True
1564;Lida Guzman;Male;6/2/1969;ipo@gemnajze.gt;False
1939;Jesse Ryan;Male;22/12/1958;rezbeta@kugoal.bo;False
1075;Milton Ortiz;Male;21/12/1973;es@ju.mp;True
1979;Andre Bates;Female;15/12/1977;nokoh@rudos.lb;True
1267;Jimmy Swanson;Male;1/10/1995;oda@heggeicu.cf;False
1296;Joseph Walker;Male;4/9/1993;samodmoz@sakor.ar;True
1925;May Daniels;Female;27/3/1972;feh@fezirkiw.kz;True
1641;Bernice Lane;Male;26/2/1996;corkuhju@citezoz.th;False
1360;Mamie Ramsey;Female;10/10/1957;owtov@owe.gd;False
1853;Kenneth Lewis;Male;13/10/1983;lo@kawukiv.ae;False
1885;Isaac Swanson;Female;29/4/1965;gahsave@roru.gt;True
1768;Florence Warren;Female;16/12/1956;hugji@vi.tk;True
1139;Victor McGuire;Male;4/11/1958;cicbevon@sukos.ms;False
1838;Marvin Owens;Female;29/1/1996;wiri@ehhimte.kp;False
1656;Joshua Hunter;Female;11/10/1968;uhiru@hijagtus.gy;True
1691;Lura Powell;Female;16/10/1978;mip@ag.it;False
1740;Christian Wilkins;Male;17/4/1961;gumsinu@cucehi.mq;True
1811;Alvin Hart;Female;11/1/1988;pupu@so.om;False
1997;Joshua Luna;Male;16/6/1988;mo@ta.gov;False
1659;Emilie Chambers;Female;2/7/1992;cof@likruse.us;True
1087;Gerald Swanson;Female;13/6/1983;dehe@mih.aw;True
1250;Lydia Yates;Female;11/10/1988;ag@liz.gu;False
1083;Nora Clarke;Male;20/3/1973;li@vawu.co;False
1380;Millie Sullivan;Male;23/4/1995;hamsovwo@vug.ac;False
1967;Rodney Bishop;Male;16/3/1953;obwukjiv@fumelise.mc;False
1019;Vincent Mendoza;Male;14/6/1973;gad@je.gb;False
1214;Connor French;Male;23/3/1966;nigahi@ef.ao;False
1647;Francis Brown;Female;14/12/1955;iruka@rovimnum.pr;True
1089;Olive Hawkins;Male;27/1/1966;gausku@ko.za;True
1542;Charles Bennett;Female;2/7/1977;rawlom@faluk.pa;True
1637;Iva Powell;Male;11/12/1982;bopowur@ril.cu;False
1774;Alvin Simpson;Male;29/5/1968;migmamjoj@uvu.ck;True
1215;Scott Zimmerman;Female;1/10/1953;fuceumi@acegelez.ie;True
1332;Warren McBride;Female;18/4/1994;inwi@efsic.kw;True
1946;Teresa Pena;Female;3/4/1971;len@dij.ml;False
1328;Victor Jensen;Female;11/4/1954;hoti@ihligba.ke;True
1652;Leona Stevens;Male;1/5/1994;am@vi.re;False
1405;Nancy Wright;Female;7/11/1965;osofozwim@popfurkaz.bv;True
1400;Mildred Mills;Male;7/4/1978;odki@wusisu.ga;False
1597;Luke Flowers;Male;27/2/1970;ad@tuebubo.lu;False
1915;Cornelia Page;Female;7/11/1986;nub@lottoez.gt;False
1055;Aaron Daniel;Female;3/7/1953;ge@ujuduw.gov;True
1065;Lucille Carlson;Female;4/3/1963;zigwu@gavoz.zw;True
1424;Willie Maxwell;Male;27/8/1972;ihavefef@bisji.do;True
1491;Lois Harrison;Female;25/4/1997;fuesoma@hejobnuw.de;True
1095;Daniel Sims;Male;6/7/1965;conon@cetwujher.fm;False
1263;Micheal Ross;Male;19/3/1957;cubo@efekadneg.tg;False
1081;Stephen Herrera;Female;7/5/1994;hakjewof@hoajmu.hk;True
1801;Tillie Spencer;Male;2/12/1983;jib@mafobsi.ly;True
1372;Alex Black;Female;12/7/1977;vitodenit@aga.pw;False
1752;Franklin Ortiz;Female;4/2/1988;ozatebud@egful.com;False
1745;Clarence Fleming;Male;20/11/1957;lupa@dit.py;False
1016;Irene Sanders;Male;23/5/1953;rivi@jal.sn;False
1544;Luella Santiago;Male;21/12/1994;fewu@iw.mk;False
1076;Jerome Farmer;Male;12/8/1957;mifjod@zidzid.an;False
1574;Minnie Austin;Male;5/12/1959;cuik@usmuffo.is;False
1283;Shane Sandoval;Male;26/4/1985;lafeofo@cacviw.ci;False
1331;Brent Nguyen;Male;25/9/1972;ej@obgilba.sy;False
1646;Lottie Hall;Male;18/6/1955;hob@ro.pw;False
1233;Jane Hunter;Female;21/2/1974;ga@zezti.am;False
1355;Joe Lyons;Female;11/11/1956;ejovob@coc.tr;True
1039;Sarah Gardner;Female;28/11/1995;bagkez@tureize.cf;False
1769;Brett Norton;Male;7/11/1986;wovsukem@igdas.pl;False
1154;Rose Robbins;Male;13/11/1975;ogu@vutuhu.ge;False
1032;Gabriel Carlson;Male;25/1/1997;kin@usrobtoc.dm;True
1922;Clara Higgins;Male;2/4/1975;nisgus@dor.com;True
1045;Vernon Hines;Male;30/12/1980;na@vu.tw;True
1521;Lura Little;Female;20/1/1954;mouco@lo.mg;False
1202;Jayden Carter;Male;2/6/1953;jal@tejpukzow.by;True
1779;Millie Beck;Male;30/4/1976;pen@wal.wf;False
1118;Zachary Goodman;Female;3/8/1962;hohib@ehucoem.dm;False
1529;Norman Thomas;Female;27/3/2000;puziglem@omone.om;False
1766;Jorge Dean;Female;25/9/1965;pok@sotnaojo.zw;False
1371;Noah Byrd;Female;1/2/1985;mo@molole.bh;False
1129;Catherine Morrison;Male;16/4/1964;dusjeho@zi.fj;False
1686;Jason Davidson;Female;6/1/1996;wazcaco@lizavofe.cd;False
1455;Jason Dunn;Male;20/10/1954;alan@duderu.al;False
1321;Harry Barton;Male;11/4/1993;ebunuf@pasju.jo;True
1670;Tom McKenzie;Female;1/6/1980;mooti@jicareaf.ie;False
1722;John Dixon;Female;1/2/1985;ro@jenpigi.hm;True
1257;Katherine McKenzie;Male;12/10/1981;ob@wufar.pw;True
1141;Lewis Tate;Male;21/11/1972;cinfihuf@makava.lk;False
1407;Essie Phillips;Male;14/12/1969;zirda@marimoit.gd;False
1790;Francis Sanchez;Male;7/8/1966;biz@ka.vn;True
1282;Don James;Female;27/4/1965;orpofger@emo.pe;True
1182;Edna Morgan;Female;1/9/1991;remaewi@worago.bv;True
1794;Eula Holland;Female;4/5/1971;uwopahin@ezoero.ss;False
1225;Beatrice Collins;Female;28/2/1987;gebag@pezaoli.md;True
1697;Ada Allen;Male;23/4/1972;me@dotiiri.ss;False
1747;Vernon Doyle;Female;29/3/1994;lotekod@edev.lt;True
1716;Ina Green;Female;8/1/1973;pafihbe@hagim.bf;True
1286;Aiden Matthews;Male;18/10/1977;dac@mategaben.fi;False
1431;Vera Miles;Female;4/3/1985;tij@zobapo.bi;True
1477;Jesus Burton;Female;20/5/1975;eno@hazmiw.ck;False
1733;Evelyn Holt;Female;6/11/1984;bovami@ofaronhas.am;False
1399;Mayme Wagner;Female;21/3/1959;wep@sempifu.et;True
1965;Sean Caldwell;Female;27/1/1953;bi@on.uk;False
1900;Hettie Rios;Male;22/11/1953;hihokoc@hor.su;True
1085;Harriet Daniel;Male;30/6/1996;hegku@banlar.gh;True
1151;Lida Barnes;Male;15/2/1993;uziah@dofmed.cl;False
1490;Francis Phillips;Female;1/7/1970;bawrivu@gifmim.se;False
1850;Lura Carter;Female;25/8/1975;asuwif@pi.vn;True
1906;Ola Roberson;Female;8/7/1971;net@vasitsod.cz;False
1435;Miguel Lawson;Male;4/11/1972;rel@wun.com;True
1713;Viola Mack;Male;29/4/2000;ege@gidela.ac;True
1756;Joseph Mills;Male;10/11/1978;fudeg@ke.kg;False
1628;Jason Foster;Female;30/10/1997;vucimwe@babpeg.gf;True
1608;Nora Waters;Male;18/2/1967;du@do.gl;False
1318;Elmer Munoz;Male;14/9/1993;zabtagi@vuwahfa.il;False
1845;Georgie Hansen;Female;3/11/1997;depzisko@novrurip.bn;False
1223;Leah Anderson;Male;8/1/1975;gefe@kumgahat.gr;True
1877;Roy Turner;Male;23/6/1996;vimzalnow@jago.sn;False
1972;Harvey Singleton;Female;25/6/1957;hibul@odeje.na;True
1418;Harriett Watkins;Female;3/8/1982;je@hapwaw.jo;True
1804;Dennis Steele;Female;12/1/1964;pulrigpu@beadu.uy;True
1771;Louis Bates;Female;29/10/2000;saplear@guren.dz;True
1638;Austin Vega;Male;17/4/1959;suz@ti.bw;True
1110;Jack Coleman;Male;19/8/2000;we@limurmuv.bd;True
1173;Harold Shaw;Female;28/6/2000;ciszuuzo@borgubhoc.cf;True
1271;Marguerite Pena;Male;12/5/1968;va@picokhuf.ni;True
1714;Arthur Washington;Female;6/10/1955;maz@mihgapifo.lt;True
1337;Harriet Shaw;Male;29/12/1989;pemiz@wo.il;False
1467;Wesley Morris;Male;5/5/1999;ur@bis.ee;False
1943;Myra Parsons;Female;12/6/1965;hi@zauv.ls;False
1409;Hattie Francis;Male;21/8/1999;nihbiwip@gof.sx;True
1356;Jeffery Bailey;Female;9/2/1968;wo@do.va;True
1291;Susie Brown;Female;12/3/1958;komuwu@hopku.mw;False
1420;Effie Harrison;Male;25/4/1965;wulekgoz@hi.ac;False
1921;Trevor Reeves;Female;27/8/1960;revgul@dic.no;True
1192;Frederick Campbell;Female;3/12/1968;wac@lokokago.ch;False
1330;Celia Gilbert;Male;14/11/1988;naozoodu@pa.td;True
1430;Dean Bell;Male;24/9/1955;enuho@laz.eg;True
1480;Elmer Burns;Female;19/11/1987;kimsin@sabge.km;True
1370;Marcus Cortez;Female;8/6/1953;ti@cirge.uy;False
1999;Kathryn Day;Female;13/1/1974;muramat@pageini.pm;True
1104;Shawn Washington;Female;30/12/1983;bo@rec.af;False
1072;Estelle Higgins;Female;29/8/1968;hi@linojzi.cd;True
1735;Esther Tran;Female;3/10/1962;ti@zuajo.ro;False
1660;Raymond Waters;Male;9/9/1963;mujotig@pujrubu.net;True
1339;Randy Barton;Male;2/4/1984;te@efi.iq;True
1034;Alta Conner;Female;10/2/1982;jis@watsahju.tc;True
1989;Lucy Harrison;Male;20/9/1965;deh@danov.ga;False
1669;Rhoda Ward;Female;1/2/1965;tihor@fuorsap.uk;False
1393;Jessie Delgado;Male;7/7/1958;rubgig@cu.hk;False
1307;Elnora Hoffman;Female;31/10/1965;fe@ab.fk;True
1991;Elsie Peterson;Male;9/4/1967;dopcivuh@ducsif.af;True
1415;Jeffrey Lambert;Male;15/5/1974;zefruwum@ip.im;True
1606;Zachary Osborne;Female;29/3/1988;hij@fowkaaz.bh;True
1221;Jean Hopkins;Male;16/3/1953;luzcopul@powa.bh;False
1720;Gavin Harris;Male;7/3/1989;ifa@wigeb.et;True
1209;Mabelle Wade;Female;6/11/1971;ramnun@cogapi.za;True
1949;Kate Walters;Male;11/9/1954;zifof@gaila.bs;True
1635;Elmer Blair;Female;27/6/1980;ratiruw@noafju.co;False
1101;Ella Peterson;Female;11/7/1991;ig@id.ml;True
1042;Essie Turner;Male;11/3/1995;dumwi@on.sy;True
1279;Amy Gonzales;Female;7/12/1967;oseawrah@niza.sv;True
1496;Tillie Ingram;Female;6/8/1971;maop@izihi.uk;True
1904;Elmer Mendoza;Female;2/10/1986;tegofbe@ca.lv;True
1327;Alexander Weber;Male;30/7/1954;kesgocdiw@ta.th;True
1942;Lina Flowers;Male;24/5/1975;vamfugaw@guonar.bg;False
1230;Gabriel Guerrero;Female;6/11/1976;em@di.mh;True
1605;Cordelia Scott;Female;13/7/1980;lerfa@onmaebi.tr;True
1876;Adele White;Female;5/8/1981;weh@ku.sn;True
1679;Derek Ramsey;Male;5/3/1996;wo@ivfitaj.va;False
1792;Micheal Saunders;Male;26/6/1971;wisi@fog.lu;True
1429;Leo Stone;Male;6/4/1985;si@du.mu;True
1278;Clara Page;Female;18/7/1965;av@gab.pr;True
1468;Lawrence Zimmerman;Male;1/2/1988;seoracip@isitige.pg;False
1205;Margaret Ryan;Female;25/12/1994;zedaaci@fuvala.sn;True
1812;Elnora Underwood;Male;30/7/1980;piko@isu.eg;True
1041;Elva Palmer;Male;4/5/1986;huphu@lamzucpoh.ug;False
1086;Jennie Lamb;Female;1/2/1968;wavboroc@biggo.sk;False
1038;Edwin Bridges;Female;16/5/1958;buvab@vim.pg;True
1293;Chad Andrews;Female;5/11/1986;nivfo@sacese.at;True
1112;Amelia Davidson;Male;11/8/1997;asofago@icohba.om;False
1391;Tommy Allen;Male;24/5/1984;vunup@wizaja.hr;False
1575;Phoebe Strickland;Female;1/7/1958;honevga@dur.nc;False
1993;Lewis Frank;Female;17/12/1985;te@zu.mp;False
1547;Winnie Russell;Male;9/9/1974;nuhgu@nifalwac.nr;False
1487;Myra Hart;Male;15/5/1955;isirakci@ikzit.io;True
1265;Jared Barton;Female;13/10/1982;nidej@cosev.gb;False
1511;Barbara Castillo;Female;15/10/1968;abopic@vuk.bj;False
1955;Eddie Williamson;Male;2/5/1961;ga@lof.iq;False
1274;Larry Goodman;Female;26/1/1958;ketmopav@on.gu;False
1548;Larry Strickland;Male;24/9/2000;huzze@bun.ky;False
1639;Harry Figueroa;Female;9/5/1958;nekbovote@cih.org;True
1833;Jack Alvarez;Male;14/5/1990;arehipaf@dun.sx;True
1000;Mason May;Male;27/7/1987;ti@opuriha.ch;True
1775;Roxie Harvey;Male;12/12/1987;nakur@ejo.gu;False
1246;Francisco Fowler;Male;15/5/1992;pef@rotticga.zm;True
1612;Lydia Conner;Female;4/8/1978;iro@opfopre.tn;False
1427;Mayme Nash;Female;19/9/1958;lof@li.es;True
1666;Dylan Miles;Female;3/2/1960;wasjusu@potog.gg;False
1674;Adelaide Pratt;Female;6/7/1957;wopwero@ed.bo;True
1021;Elmer Ford;Male;13/1/1992;ewfapi@ureatu.bn;True
1951;Elnora Craig;Female;3/10/1994;uruofkiv@tanku.so;False
1941;Matthew Wallace;Female;12/9/1980;vu@zofzem.sv;False
1503;Harriett Hopkins;Female;19/5/1993;jej@bamebo.cu;False
1832;Jayden Freeman;Male;26/7/1970;vezdeh@sonoro.at;False
1515;Eric Mann;Female;26/2/1973;ke@gekfa.fi;True
1793;Manuel Vasquez;Male;8/5/1993;hu@suzpu.do;True
1178;Hattie Cooper;Female;4/3/1963;cuzinu@dodo.do;False
1966;Ralph White;Female;31/10/1976;cu@in.sj;True
1213;Ida Brewer;Male;15/5/1969;gir@ze.dj;False
1901;Brett Lindsey;Male;18/3/1957;biz@roso.mm;False
1602;Olivia Cohen;Female;4/11/1987;komso@culi.gr;True
1640;Esther Boone;Female;10/4/1975;mevde@je.eu;True
1963;Vincent Hawkins;Male;20/4/1972;wurudtel@botize.mn;False
1550;Vera Jacobs;Female;19/12/1966;icudoso@vacabuca.cw;True
1610;Jeremiah Hicks;Male;23/7/2000;as@fimilvub.cy;False
1749;Marcus Carr;Male;20/9/1978;feiw@dijfusla.me;False
1445;Wesley Hamilton;Female;19/7/1977;elonko@ja.hm;True
1862;Ivan Ford;Male;13/7/1979;gik@pofauba.ls;True
1902;Leon Rice;Male;23/6/1970;fahetel@hohu.tp;True
1181;Loretta Rogers;Male;17/9/1977;acbaw@nejjouti.co;True
1565;Cole Wagner;Male;31/12/1992;hegbinig@kafetwu.fo;True
1587;Eddie Allison;Female;5/10/1963;fovi@varet.ru;True
1664;Ina Norman;Male;30/3/1980;mealiha@pat.dj;False
1731;Samuel Park;Female;31/1/1980;wo@buc.gr;False
1717;May Santiago;Female;26/8/1963;fihuru@omivefkaw.pl;True
1377;Troy Love;Female;13/12/1997;fedhubso@do.om;True
1839;Sally Doyle;Female;24/4/1972;rok@denepba.tj;True
1146;Charlotte Wise;Male;31/7/1983;succifdos@jigucome.uk;True
1459;Laura Powell;Female;1/10/1981;poswo@tuwiba.bj;True
1207;Dennis Rice;Female;23/11/1984;uhhe@rib.ne;True
1600;Sean Washington;Male;15/6/1955;roh@puboga.km;True
1348;Lucille Caldwell;Male;18/5/1992;if@bi.al;True
1352;Howard Berry;Male;16/9/1960;far@tutpulok.er;True
1436;Della Alvarado;Male;1/1/1980;ofifi@sofhilig.mz;True
1501;Claudia Cortez;Female;10/8/1961;ka@ublida.sz;False
1471;Jimmy Cruz;Male;6/11/1965;lohicip@zapbowoj.ws;True
1878;Jeff Wilson;Female;19/2/1970;leepdu@tecuvko.pk;False
1886;Eddie Patrick;Female;8/8/1973;wum@arva.er;True
1867;Edwin Hunter;Female;19/2/1953;osotuga@evzobdop.lb;False
1462;Mamie Hunt;Male;1/1/1960;jotuhibem@du.ao;True
1056;Susie Andrews;Male;20/11/1955;codeda@utmob.sj;True
1987;Sadie Stewart;Male;24/7/1966;oteej@wobromip.org;True
1194;Nancy Osborne;Female;8/5/1978;venece@adnuvhu.cu;False
1373;Grace Schneider;Female;23/7/1976;zi@rojelac.la;True
1586;Lucy Banks;Female;14/12/1965;sijodnet@galted.vc;True
1718;Mamie Cortez;Female;30/5/1966;zuj@gan.ee;True
1174;Irene Barnes;Male;3/3/1957;dasepgef@sazav.nc;False
1748;Jeffery Benson;Male;29/1/1978;kot@upazo.it;False
1050;Leonard Sherman;Male;10/8/1995;gu@sifamu.mn;True
1058;Alvin Hanson;Female;6/12/1991;zolow@pewim.ac;False
1425;Lois Reid;Male;16/5/1978;eceopsi@rac.bi;True
1119;Winnie James;Female;19/10/1965;jeubanes@goropnog.fr;False
1593;Elnora Hammond;Male;31/12/1963;ra@zonuc.an;False
1442;Lloyd Howell;Male;10/11/1969;leb@nunacgot.mo;True
1121;Sallie Erickson;Male;2/8/1963;bu@cogki.su;True
1786;Madge Gomez;Female;13/2/1997;mo@wuwaz.bb;False
1923;Etta Buchanan;Female;31/10/1975;tijgof@pajko.ir;True
1818;Willie Bell;Female;24/2/1983;zuwodi@ojoitmof.gg;True
1132;Joseph McCarthy;Female;8/10/1958;ec@icehufav.th;True
1930;Lillie Tate;Female;30/3/1987;nukcat@monmalim.pf;True
1952;Effie Collier;Female;15/6/1977;soluglaz@puhgaow.bd;True
1950;Emily West;Female;25/12/1996;ozawo@ofioma.ht;False
1746;Philip Gilbert;Female;10/2/2000;oru@ga.gi;True
1798;Carlos Logan;Male;4/9/1975;wujhocce@rav.kg;True
1897;Johnny Yates;Female;1/4/1983;kef@tesid.ps;False
1469;Phillip Baldwin;Female;6/6/1978;isipi@temra.zw;True
1554;Rosetta Robbins;Female;24/3/1987;gezli@zeh.ps;False
1969;Olivia Fowler;Female;8/9/1957;vabsad@tig.km;True
1234;Derek Daniels;Male;3/5/1989;gizguhu@gefuad.cy;False
1280;Joshua Harvey;Male;1/2/1976;hap@tuwuzir.ci;True
1887;Dollie Olson;Female;13/4/1991;awa@meidedu.fj;True
1005;Danny Quinn;Male;20/1/1977;sejo@efujalro.an;False
1584;Alejandro Parker;Female;13/7/1997;zun@data.fr;False
1920;Sarah Williams;Female;17/5/1992;zuwataj@wis.mg;False
1755;Kathryn Page;Female;13/12/1994;meto@pazap.mz;True
1007;James Ortiz;Female;26/5/1957;fomgoh@nejvijim.fi;True
1375;Sophie Harvey;Male;20/4/1987;cun@uvoteuv.ht;True
1447;Rose White;Male;11/8/1980;sovacef@jola.kg;False
1956;Jorge Turner;Male;25/2/1966;vadu@of.yt;True
1049;Amelia Meyer;Male;15/4/1989;kimnu@ofhame.mw;False
1340;Polly Reeves;Male;28/2/1988;fuw@ekajohis.sl;True
1841;Devin Yates;Male;14/7/1956;wan@tunet.kp;True
1108;Inez Daniel;Male;23/2/1974;tije@uwicuule.je;True
1629;Dora Wade;Female;1/8/1954;ocuegjad@monoco.sk;False
1840;Louisa Thomas;Female;13/10/1978;sefaiv@valos.sb;False
1609;Olga Clayton;Male;8/11/1953;umawi@kit.bm;True
1566;Bertha Clark;Male;15/3/1976;fow@seluw.td;True
1417;Larry Howard;Female;21/2/1985;demsiroh@zadullum.ie;True
1066;Bradley Ford;Female;25/6/1966;fen@jad.gh;False
1099;Adelaide Gross;Female;5/3/1984;puove@et.tn;False
1953;Franklin Walsh;Female;19/4/1974;cepulsum@kipoche.tl;False
1693;Nell Murphy;Female;21/4/1992;uwobiom@sazi.uz;False
1179;Lillian Hall;Female;30/1/1981;jik@iwezako.je;True
1633;Claudia May;Male;11/7/1996;seewoet@celsegog.bf;True
1614;Nettie James;Female;5/3/1985;ip@ruka.im;True
1535;Michael Frank;Male;5/10/1996;cidpeji@vivavmun.pg;True
1909;Susie Schwartz;Male;3/12/1973;tuke@nenzakule.et;False
1188;Charles Butler;Male;5/10/1999;ep@sacgo.je;False
1254;Justin Baldwin;Female;16/4/1980;kolhu@fidjuwok.pn;False
1619;Ryan Douglas;Male;24/9/1966;fag@kaogalim.al;False
1367;Verna Keller;Female;12/4/1968;umwujuc@cerci.ps;True
1761;Iva Schultz;Male;21/8/1998;pamozzor@vuc.ve;False
1539;Jacob Price;Female;18/12/1954;fahaj@ukejeimu.cy;True
1091;Adam Houston;Female;25/8/1986;ugu@awcowje.ve;True
1289;Larry Williamson;Male;14/5/1965;hunhakce@sok.fm;False
1204;Lina Newman;Male;12/1/1998;sowceb@kallaf.ac;False
1452;Jeremy Tate;Male;13/9/1969;guzciw@kugmas.pk;True
1301;Derek Kennedy;Male;30/12/1981;jec@zeno.bd;False
1842;Alberta Brooks;Male;15/11/1960;ac@vucwisek.rs;True
1777;Henrietta Torres;Female;28/1/1957;lesleho@ne.sn;True
1996;Jared Hines;Male;10/11/1983;gopi@rubvih.bi;True
1414;Lillie Wheeler;Female;1/1/1954;bejuh@wu.id;True
1905;Millie Lindsey;Female;6/5/1984;cenciv@evibifvus.sh;False
1835;Dora James;Female;17/11/1974;giboto@mivruse.az;True
1122;Landon Caldwell;Male;24/4/1986;lowpupvoh@tinotgik.pa;True
1834;Randy Little;Male;13/5/1981;fo@hoj.ss;False
1172;Loretta Hudson;Female;22/8/1993;mihez@eb.fm;False
1687;Carlos Weber;Male;8/11/1973;lesu@witcav.pa;True
1899;Edith Perez;Male;4/2/2000;sotfige@bos.ng;True
1138;Victor Valdez;Male;15/8/1998;cetketgi@vo.pa;False
1155;Melvin Stanley;Male;6/3/1957;ezeus@kesvodu.vi;False
1908;Gene Page;Female;17/3/1963;cobpe@gep.ki;False
1272;Jared Stevenson;Female;30/12/1978;tum@kalwo.an;False
1189;Tillie Fields;Male;16/7/1998;so@otu.gy;True
1526;Nathaniel Mason;Male;6/8/1983;embuh@itije.vc;True
1402;Pauline Robertson;Male;2/7/1971;re@aw.fj;False
1451;Jennie Green;Male;27/4/2000;ci@acuej.th;True
1292;Alice Moreno;Male;4/8/1967;za@wa.er;False
1394;Lora Garcia;Female;5/12/1969;vir@jiavutuj.gh;True
1590;Frances Klein;Female;21/7/1968;put@jedladzer.tw;False
1532;Catherine Daniel;Male;15/7/1975;me@siulede.cc;True
1975;Maude Cross;Male;12/8/1985;cacere@waviv.ar;True
1438;Lillie Saunders;Male;31/8/1973;mat@lip.mq;True
1051;Polly Daniel;Male;6/6/1954;herziwab@jurwijewo.hr;True
1563;Timothy French;Female;22/2/1965;egiliwdu@vezhepla.aq;True
1495;Mayme Jordan;Male;2/4/1979;wi@cefrah.aw;False
1483;Billy Schmidt;Female;6/4/1986;cu@zoteh.nl;True
1844;Rosetta Howell;Female;23/8/1982;vojalacu@dacer.gw;False
1924;Mildred Alvarado;Female;13/6/1958;ha@nulemwuh.my;True
1156;Alberta Miles;Female;12/10/1965;fajupuw@do.pn;True
1220;Raymond Gross;Male;13/12/1978;almo@upoboeda.mo;False
1325;Dean Newman;Female;21/10/1975;ripuken@voefsu.kz;True
1741;Jacob Munoz;Male;12/6/1960;ek@pobte.vn;True
1244;Alejandro Moreno;Male;2/9/1982;fe@nilin.vu;False
1484;Birdie Carroll;Female;29/12/1970;bidjig@to.ng;False
1937;Harvey Harrington;Female;5/7/1989;kal@go.pt;True
1437;Amy West;Female;20/6/1959;foitije@mew.io;True
1615;Mildred Schmidt;Female;31/10/1961;tukoliv@wuwif.mg;False
1960;Viola Marsh;Male;4/8/1995;gesvuv@fihbasas.gb;False
1796;Caleb Luna;Male;30/6/1975;rofo@zebzog.gu;True
1170;Johanna Doyle;Female;11/6/1964;hec@os.ps;False
1913;Lucy Hawkins;Male;14/2/1962;ow@ugo.uy;False
1883;Jackson Walton;Male;17/11/1962;uziej@diksu.im;True
1266;Evelyn Pierce;Female;14/11/1982;kep@haibucud.va;False
1780;Lora Cannon;Female;8/8/1962;nevhav@osade.ne;False
1009;Bertie Vega;Male;24/1/1988;cotero@cenvez.bn;False
1541;Ruth Richards;Female;9/8/1955;wudla@sohfozluj.gm;False
1655;Roxie Stephens;Male;19/10/1972;igooki@odehocbo.bq;False
1540;Rose McDaniel;Female;8/4/1962;suresmot@pefovon.ru;True
1534;Blake Mathis;Male;21/9/1961;ofasadlav@puwnizgi.bm;True
1806;Mario Lopez;Male;3/10/1954;zibame@ecnoar.gn;True
1817;Bruce Yates;Male;23/6/1994;gu@etefbir.ps;True
1701;Fannie Casey;Male;19/1/1974;femehusik@cejnet.mk;False
1788;Hester Woods;Female;17/5/1980;ahalosvep@bejap.tr;False
1743;Franklin Massey;Female;6/10/1962;meepo@esvuvwov.sz;False
1040;Viola Hernandez;Female;19/1/1988;va@zuzci.tz;True
1848;Sara Porter;Female;16/4/1982;zi@oje.ws;True
1568;Evan Zimmerman;Male;18/1/1960;susu@veejo.st;True
1131;Winnie Zimmerman;Female;4/3/1960;lawuif@suikwe.ke;False
1948;Della Vaughn;Female;27/3/1983;guzota@pi.sj;False
1765;Patrick Jennings;Female;7/12/1982;matmozi@lehirwet.gm;False
1304;Louis Butler;Female;6/5/1986;facajla@mu.mu;False
1482;Christian Reed;Female;17/7/1954;nedde@wikojag.ga;False
1485;Sara Moran;Female;28/6/1958;ja@nuwwi.sl;False
1914;Brett Thornton;Male;21/3/1954;sinma@rob.jm;False
1509;Jon Newman;Male;11/7/1983;kildo@dotzon.bm;True
1522;Bill Johnston;Male;18/10/2000;juwhabgak@tum.mp;True
1317;Isabella Paul;Female;11/10/1994;lep@miz.kh;False
1974;Cynthia Phillips;Male;12/9/1989;okacoro@til.my;False
1012;Mayme Haynes;Female;7/8/1965;po@sosew.nz;False
1626;Mittie Reynolds;Female;22/1/1984;ibele@rul.ck;True
1696;Ricky Klein;Male;8/2/1963;bon@rovoza.sc;False
1636;Tommy Rose;Male;10/3/2000;wo@adupob.ye;False
1077;Warren Ruiz;Male;21/4/1971;tucucfa@vaesihop.bi;True
1068;Daisy Taylor;Female;17/9/1999;coute@wabfufih.ba;True
1031;Luke Goodwin;Female;7/12/1992;se@okagamler.bg;False
1071;Katharine Warren;Male;21/4/1988;moz@ak.mt;True
1048;Julian McDonald;Male;13/1/1981;urola@tosne.ba;True
1499;Lee Wagner;Male;11/12/1975;amaabi@uto.org;True
1302;Lottie Maxwell;Male;23/12/1991;lo@bo.kn;False
1533;Marion Duncan;Female;13/12/1984;rof@giroji.bb;False
1530;Keith Gibson;Female;23/6/1986;opikizih@wopzi.np;False
1013;Loretta Chambers;Male;11/11/1989;usa@rupus.uz;False
1553;Rosetta Vargas;Female;5/5/1965;mauliwa@fitimu.eg;False
1976;Lucy Martin;Male;28/1/1996;hobumje@viisohef.to;False
1546;Jeffery Hubbard;Female;9/3/1976;narhauf@daatlu.tw;False
1107;Duane Ramsey;Male;11/2/1996;osaehku@ze.su;True
1354;Winnie Lopez;Male;12/6/1957;wulig@ze.ba;False
1625;Bobby Cruz;Female;8/12/1975;iw@veru.iq;True
1555;Amelia Barker;Male;27/3/1975;ep@lej.wf;True
1218;Gene Guzman;Male;10/9/1977;wivib@wol.bh;True
1093;Charles Glover;Female;25/12/1976;pifhidwem@usdajtac.va;True
1140;Jordan Hawkins;Male;11/2/1955;ulakadup@sa.nz;True
1751;Polly McBride;Male;27/2/1954;befi@lecfoboh.cr;False
1235;Derrick Brock;Female;26/2/1988;ebi@lutwaj.edu;False
1760;Angel Nelson;Female;25/9/1982;muh@ucajar.tg;False
1421;Mathilda Douglas;Female;28/10/1956;oldopo@lo.gt;False
1772;Jack Rhodes;Male;27/12/1995;elnuhup@ut.sh;True
1802;Charlie Gross;Male;6/4/1957;ha@kiisru.fk;False
1578;Frances Bridges;Male;28/8/1967;pem@vib.ky;False
1525;Sam Romero;Female;10/2/1996;duf@igiohe.as;True
1620;Ida Hansen;Female;21/10/1953;nubujbe@dan.ie;True
1294;Lelia Butler;Male;26/9/1976;rikupfur@goofide.tv;False
1365;Micheal Chapman;Female;2/11/1967;forji@bulo.no;False
1270;Estelle Davis;Male;17/9/1985;gap@ogi.pw;False
1044;Mina Rowe;Female;17/8/1980;kaota@cawuzag.gu;False
1784;Marcus Underwood;Male;26/11/1965;cisrasreh@si.dz;True
1028;Jerome Singleton;Male;18/5/1956;foh@le.om;False
1148;Jerry Rodriguez;Female;24/2/1962;to@hod.zm;True
1114;Lucas Joseph;Female;21/3/1988;zi@mihab.vi;True
1073;Gregory McBride;Male;10/7/1954;abejavle@ha.gov;True
1616;Paul Jacobs;Male;29/7/1980;tufumi@lo.li;True
1799;Edna Moss;Male;26/9/1996;bi@lo.et;True
1350;Leonard Little;Male;19/4/1999;fijto@efuna.cm;True
1661;Kyle Rivera;Male;2/9/1980;gatziod@ar.bh;False
1630;Chase Bowman;Male;26/11/1985;bob@pine.pr;True
1387;Hallie Newton;Male;12/2/1984;la@lu.bz;False
1644;Etta Roberts;Female;5/9/2000;loruli@fa.bo;True
1010;Alberta Poole;Male;27/12/1959;jipfic@vuewi.ie;True
1124;Travis Jones;Female;31/7/1986;jap@umukianu.es;False
1739;Cordelia Chapman;Female;4/12/1967;doczof@zut.eu;False
1333;Celia Wong;Male;25/3/1982;obewive@fenicuz.bd;False
1917;Phoebe Richards;Female;2/6/1971;berimgis@dosseneh.tl;True
1408;Adele Hansen;Female;18/4/1993;dapgeit@esebifco.ua;False
1585;Myrtle Rodgers;Female;20/12/1956;uv@wojozoce.to;False
1783;Bryan Shaw;Female;1/1/1989;macehi@eplec.me;False
1184;Eula Holloway;Male;18/12/1971;wog@on.ch;False
1826;Ryan Mason;Female;25/2/1981;acejadev@cuwmouf.ge;False
1723;Olivia Clarke;Male;17/12/1960;ho@uc.wf;True
1145;Marguerite Bowers;Female;13/5/1966;jeedez@bezi.uy;True
1916;Maria Stokes;Female;19/4/1974;veolu@ravifir.kr;False
1311;Lida Payne;Female;16/5/1987;zeagugi@lakhe.gr;False
1829;Cory Wells;Male;25/10/2000;hub@ra.io;True
1715;Aiden Price;Female;13/1/1979;ni@or.tm;True
1472;Mayme Ward;Male;14/4/1981;fojupeji@devcemo.sk;True
1018;Aiden Fleming;Female;25/9/1977;binhe@cuvrik.co;False
1865;Tony Joseph;Female;26/6/1989;bivig@macu.pm;False
1027;Myra Ortega;Female;11/4/1957;je@gu.ua;True
1078;Bess Rodriguez;Female;27/9/1960;rilburna@na.ne;True
1120;Chris Bridges;Male;19/3/1990;jeguhmic@miihi.cd;True
1295;Trevor Robbins;Female;23/10/1973;ijevo@zic.kr;False
1008;Lida Herrera;Male;27/5/1976;gu@wa.br;True
1971;Franklin Jones;Female;17/6/1969;jo@jajci.de;False
1416;Clara Jennings;Male;5/11/1985;so@biiko.ky;True
1653;Bernard Wilkins;Female;17/7/1978;hedfuzil@jiin.do;True
1874;Essie Klein;Male;19/2/1995;vurezno@fa.co.uk;False
1694;Gertrude Yates;Male;1/1/1961;ineensig@edahukci.pw;True
1153;Stephen Russell;Male;1/12/1995;ahociz@towere.gg;True
1175;Bertha Carson;Female;10/3/1976;je@loodaod.bv;False
1803;Celia Barber;Male;21/9/1969;vo@afvuobi.ro;False
1861;Walter Morales;Female;22/11/1991;gijowum@miuj.ss;False
1808;Harriett McCarthy;Female;27/6/1955;nera@um.ro;True
1381;Polly Sullivan;Male;18/6/1987;morelhev@otpudju.pt;True
1006;Leo Curry;Female;18/9/1989;nobgaug@dovmodke.sl;True
1144;Isabel Norris;Male;30/1/1994;pebero@mom.mx;True
1742;Callie Barrett;Female;1/9/1953;ifoefego@na.aw;False
1199;Willie Harmon;Male;25/10/1978;afomigij@ozzilse.bb;True
1645;Allie Christensen;Female;23/2/1971;tol@zuwhatejo.gq;True
1830;Mildred Benson;Male;29/4/1989;egtuf@rov.bf;False
1001;Lucille Barrett;Male;26/7/1970;gumut@vejdifaho.mx;False
1854;Clara Franklin;Male;14/2/1983;huzor@ga.np;True
1398;Troy Weber;Female;26/9/1995;do@pawarfec.tw;True
1889;Oscar Carroll;Male;5/6/1977;muc@ram.bf;True
1787;Rebecca Hernandez;Female;9/1/1993;oho@asko.hn;True
1709;Richard Andrews;Male;12/11/1954;fuulo@lav.ee;True
1689;Alberta Walsh;Male;29/9/1966;uc@vodiv.bq;True
1364;Duane Rodriquez;Female;26/12/1988;izolkoh@duhje.ms;True
1750;Ella Nelson;Female;5/7/1994;hij@ti.bz;False
1338;Christopher Benson;Female;12/3/1964;nov@jucigiw.sc;False
1599;Christine Larson;Male;15/9/1963;noraz@gimdin.cg;True
1319;Alice Moss;Female;20/6/1995;kevomopid@tizeb.pl;True
1454;Rachel Tyler;Female;18/1/1967;ovojakob@ucveze.gf;True
1512;Noah Waters;Female;26/2/1981;ocikud@im.kz;True
1797;Theresa Harvey;Male;10/4/1965;epivahnop@vup.jo;False
1588;Antonio Edwards;Female;25/5/1982;dup@jo.vu;False
1401;Sue Baker;Male;28/2/2000;vejhacci@cez.ba;False
1789;Mike Manning;Female;27/7/1963;cupebgog@dacimu.na;True
1479;Hallie Peters;Male;21/3/1997;hetic@sowlul.cz;True
1149;Francis Munoz;Male;23/7/1976;nuvocvag@raw.ma;True
1912;Eddie Doyle;Female;17/4/1953;uctat@ok.cu;False
1395;David Payne;Female;3/5/1978;rugidviz@kas.sv;True
1875;Rebecca Simon;Female;14/4/1966;ki@vowpuhodu.pt;False
1212;Carl Holt;Male;13/4/1957;gohil@elec.rw;False
1176;Emilie Moran;Male;10/10/1960;ipiug@rovop.eh;True
1351;Danny Stevenson;Female;20/7/1968;harlatut@rolez.sk;False
1123;Lelia Reid;Female;8/12/1983;tak@ka.cz;False
1343;Mabel Graham;Male;1/8/1962;got@mig.sr;False
1269;Cole Moran;Female;6/12/1958;dupidwe@modun.sc;True
1241;Sam Jacobs;Male;11/3/1958;avhuhmu@ma.rs;False
1457;Russell Larson;Male;31/8/1956;nuvad@putzache.dz;False
1573;Clarence Tate;Male;9/8/1974;ki@nujefdu.ck;False
1708;Hulda Flores;Female;7/1/1961;sorjomiv@zitial.sv;False
1947;Ricky Jennings;Male;20/7/1967;vuzhi@azwabdiw.io;False
1217;Lee Becker;Female;3/8/1978;lulbis@asihune.tl;False
1510;Todd Hicks;Male;30/3/1975;kem@dez.me;True
1349;Olga Roy;Female;7/9/1983;getni@zowurug.net;False
1164;Julian Ball;Male;19/8/1985;fibwekav@jub.va;True
1572;Sean Meyer;Male;14/7/1978;vom@kohod.np;False
1613;Susan Harrison;Male;15/7/1983;iggod@ri.hu;False
1807;Margaret Griffin;Male;7/7/1954;jo@vujud.fr;False
1011;Dennis Stokes;Female;9/6/1976;hejo@om.mm;True
1378;Charlie Cortez;Male;20/11/1954;mokoge@fetelu.ae;False
1422;Lawrence Pratt;Female;14/12/1970;wiave@epedofas.sc;True
1249;Henrietta Woods;Female;28/4/1980;zinsez@mufut.vu;True
1137;Susan Clarke;Male;21/11/1978;jikkobof@mo.gov;True
1143;Aaron Roy;Male;24/9/1963;wefidawe@dordit.mw;False
1880;Jimmy Abbott;Female;22/12/1995;zuepozil@wemvi.uk;True
1725;Todd Cruz;Female;5/5/1974;owovu@jek.km;True
1240;Jean Caldwell;Male;8/6/1955;reflowpo@ropfuv.bw;True
1253;Minnie Bennett;Female;30/4/1987;ok@pozcigup.jm;False
1098;Hilda Holt;Female;22/12/1966;kutlo@mo.gg;False
1785;Elnora Perry;Female;23/7/1972;aga@niclo.na;True
1603;George Kim;Male;27/10/1980;pere@iviog.an;False
1106;Frank Andrews;Female;6/8/1967;livomse@pam.bt;True
1820;Sean Briggs;Male;21/5/1973;ofku@osjefa.fj;False
1426;Sadie Walters;Male;30/8/1983;lackuwmi@cusulead.pa;False
1932;Nicholas Bishop;Female;17/3/1993;se@tarugle.pe;True
1035;Jared Klein;Female;7/3/1981;va@le.de;False
1239;Nelle Horton;Female;28/7/1978;rewzab@ro.bt;False
1206;Ella Turner;Female;17/4/1964;fole@udunas.sz;True
1150;Leila Hughes;Male;5/11/1972;zijdi@bun.pt;True
1488;Mina Vargas;Female;20/12/1980;peg@zeozeika.ua;True
1690;George Griffin;Female;20/12/1989;sofra@me.ec;True
1710;Elsie Palmer;Female;16/3/1978;hoono@fumka.cr;False
1712;Jessie Manning;Male;13/7/1976;mofjet@utimorera.es;False
1700;Jon Byrd;Female;18/9/1979;dusgabo@at.vi;True
1757;Nancy Wagner;Male;8/11/1982;tow@pe.sd;True
1738;Jayden Berry;Male;11/5/1994;suhzi@jiizovuv.lv;False
1627;Leila Day;Male;12/10/1967;mogi@jacheve.io;False
1248;Lora Collins;Female;26/1/1995;go@gebpih.tw;True
1312;Viola Morgan;Female;27/11/1980;vaj@ni.mu;True
1704;Max Gray;Female;21/8/1970;ipo@fu.lv;True
1127;Sylvia Becker;Male;4/3/1977;la@fez.bs;False
1813;Elmer Potter;Female;20/10/1996;retauk@rukoolo.mw;True
1128;Mable Hanson;Male;19/9/1986;cico@ise.ss;True
1160;Gordon Ramsey;Male;11/10/1964;muvunav@wo.eu;True
1033;Ian Horton;Female;2/12/1980;zelo@aci.je;False
1520;Mabel Hall;Female;14/7/1960;vemo@nihih.tc;False
1552;Jesse Gilbert;Female;28/9/1971;micius@itej.co;True
1621;Amelia Watts;Male;30/8/1974;wo@pac.ie;False
1667;Dominic Garza;Female;7/7/1970;kicvet@da.edu;True
1570;Mollie Hansen;Male;5/5/1996;ef@rocer.bf;False
1571;Katherine George;Female;15/11/1979;manical@buzo.it;True
1882;Calvin Harrington;Male;17/4/1982;faz@kingo.as;True
1219;Herman Newton;Male;20/11/2000;min@luzek.je;True
1727;Jesus Murray;Female;17/2/1955;uneka@fepges.vn;False
1362;Leah Rivera;Female;17/12/1958;sovjeg@uwfi.np;False
1682;Patrick Morales;Male;11/6/1992;ju@asano.ph;True
1506;Eric Garner;Male;2/8/1986;mifsavjiw@fahemaham.vi;True
1060;Mittie Webster;Male;15/3/1976;fe@wivahkef.cg;True
1567;Adelaide Atkins;Male;25/1/1957;we@loidojaj.cz;False
1944;Tom Griffin;Female;2/2/1957;locod@azuurecup.sc;True
1070;Bessie Zimmerman;Female;10/3/1983;bodlik@ahoha.in;True
1711;Evelyn Hunt;Female;12/12/1985;nugikco@nahluska.in;False
1208;Mabel Medina;Female;14/7/1964;jut@keznucvo.pw;True
1658;Ina Garrett;Female;17/6/1964;saporeufe@jizinawo.ms;True
1053;Leon Obrien;Male;11/11/1977;sedu@gu.kh;False
1133;Wayne Weber;Female;2/8/1961;ru@ugfad.su;False
1313;Rhoda Holland;Female;25/11/1968;uzubil@hizirik.an;True
1366;Jimmy Lee;Female;30/11/1995;kajemku@fe.ec;False
1860;Mollie Stone;Female;29/1/1984;fojimziz@suzpifnag.li;True
1856;Abbie Phelps;Female;4/5/1999;du@avinu.af;False
1831;Adrian Hampton;Female;5/9/1966;mukzimja@dunen.ax;False
1439;Loretta Rodriguez;Female;29/5/1956;ifoigo@el.bj;False
1368;Ellen Wheeler;Female;2/5/1992;movre@jilca.gy;True
1871;Jeremiah Fernandez;Male;25/1/1994;upzes@uvbi.ws;True
1117;Kyle Moody;Female;13/5/1963;owu@uwoga.ph;False
1344;Kyle Lawrence;Male;16/6/1999;hiaziub@sulemuce.mg;True
1537;Tyler Thompson;Male;17/12/1985;udvo@rojajuw.gg;True
1928;Estelle Kelly;Female;31/1/1994;ipnaz@nafo.np;True
1247;Lola Willis;Male;30/6/1956;mazwelpuc@nefaje.gb;False
1702;Harvey Guzman;Female;22/3/1994;re@sevtemamu.kr;False
1934;Douglas Ballard;Male;27/5/1987;ebgoclat@ruevu.ss;True
1406;Gavin May;Male;6/4/1986;ikefih@ka.jm;True
1088;Sophie Becker;Female;30/8/1996;eviuropip@ne.st;True
1453;Mildred McCoy;Female;19/7/1984;ab@no.it;True
1397;Iva Owen;Male;23/10/1973;bovpa@ecoba.ro;False
1514;Harriett Farmer;Female;13/5/1974;no@ges.tk;False
1022;Isaiah Cannon;Male;13/7/1978;ginisuk@regi.mc;False
1827;Joseph McDaniel;Female;19/9/1953;has@ifo.sr;False
1084;Sallie Lopez;Male;28/2/1967;kade@ejifi.bd;False
1466;Tommy Valdez;Female;23/10/1998;heano@datih.td;False
1502;Sean Gill;Male;26/7/1978;cohal@lu.tv;True
1556;Rosalie Horton;Male;29/9/1956;luziwumu@pugocma.tl;False
1345;Nell Nichols;Male;9/7/1994;uretuhgic@bo.pm;True
1003;Jean Ramsey;Female;5/3/1997;awkejnet@ti.sd;True
1763;Flora Hughes;Male;22/12/1976;tujapu@ejiturti.bs;False
1196;Connor Bates;Male;28/2/1986;segetujah@rizi.ba;True
1846;Timothy Baldwin;Male;1/6/1974;bupsun@acucakpuj.hk;False
1663;Harriett Bridges;Male;26/7/1989;iva@ug.cw;False
1316;Fannie Diaz;Male;9/10/1969;mopu@bomohak.ye;True
1324;Vernon Sandoval;Female;9/3/1967;bejov@sabdeve.sy;True
1470;Emilie Moss;Female;13/2/1982;jujozuela@pi.vc;False
1298;Bettie Jones;Female;28/7/1961;sicipsam@rokgoj.by;True
1995;Fanny Torres;Female;23/2/1979;riwes@wu.no;True
1699;Minnie Paul;Female;22/6/1996;ok@igjin.do;False
1705;Myra Marshall;Female;17/7/1995;lim@jugzo.ua;True
1025;Dylan Pierce;Female;13/12/1974;ervudsa@mupijtik.de;False
1162;Cory Cain;Male;11/5/1976;of@mu.cr;True
1770;Vincent Garrett;Male;9/5/1980;led@itgiuk.ng;True
1896;Michael Hall;Female;2/7/1961;zah@ro.mc;True
1864;Cora Gibbs;Female;3/5/1990;ed@uhomanaw.mr;False
1919;George Fields;Female;23/9/1977;jucok@ed.sy;True
1497;Ethan Williamson;Male;7/6/1993;em@fuwafsam.lu;False
1310;Eunice Boyd;Female;28/8/1977;kam@ti.gg;True
1961;Ethel Potter;Female;21/6/1961;cuag@pag.mk;True
1863;Nettie Carroll;Female;7/11/1981;su@ocwibon.sr;False
1259;Isabel Bryan;Male;22/1/1982;logatap@sewpok.tm;False
1361;Ethan Houston;Female;1/8/1978;po@caihu.sc;False
1873;Lora Lynch;Male;29/5/1980;wusim@lot.pn;True
1680;Benjamin Moore;Male;18/8/1981;apje@todviavo.tg;True
1252;Eliza Sandoval;Female;21/3/1999;ipapo@awafa.uy;False
1334;Estelle Evans;Female;24/9/1958;ginratka@weew.mt;False
1359;Lena Ortiz;Female;13/5/1965;ge@suzen.zm;True
1698;Harold Lloyd;Female;16/2/1953;owni@jevo.dj;False
1560;Margaret May;Female;11/7/1984;zuj@rom.pa;False
1136;Christina Hughes;Female;30/9/1992;hiras@kug.sr;True
1695;Maud Ortiz;Female;19/2/1995;bo@di.co;False
1545;Albert Lindsey;Male;10/7/1966;cuwhoiha@ocurol.it;False
1014;Micheal Bush;Male;29/9/1980;goiti@nugviibo.gg;False
1444;Melvin Hale;Female;10/6/1968;rerejvek@ro.ck;False
1464;Eugenia Greene;Female;6/3/1955;ba@sannos.br;True
1517;George Miles;Male;27/5/1963;da@gi.mu;True
1167;Milton Norton;Male;20/4/1996;revsadnuj@ijireasi.kz;False
1617;Willie Peters;Female;27/1/1972;odezo@ekcah.my;False
1631;Willie Hale;Female;5/5/1974;woji@doz.dk;False
1607;Mable Hayes;Male;16/11/1984;avvih@cafo.zw;True
1489;Glen Nichols;Male;24/7/1967;uwvu@ce.er;True
1185;Minnie Pierce;Female;15/7/1982;nara@lobosbi.ph;True
1200;Arthur Stokes;Male;13/4/1973;tilo@kaw.iq;False
1665;Virginia Richardson;Male;3/10/1955;to@lisuv.gf;False
1166;Bessie Frazier;Female;27/6/1976;mihihho@zodnesge.nl;True
1730;Frances Dean;Female;6/10/1985;duwke@fetibuc.me;True
1518;Christian Sanders;Male;26/9/1964;sopalar@kukbadiwa.ug;True
1673;Della Hart;Male;11/8/1961;umha@tiwpo.me;True
1389;Gilbert Christensen;Female;27/5/1965;dutlecif@nog.az;False
1168;Joe Hanson;Female;27/4/1970;tiple@di.sl;False
1649;Minnie Rios;Male;21/5/1996;poste@secullu.cl;True
1474;Lou Fuller;Male;17/9/1996;cavazkut@fac.co;False
1721;Hannah Boyd;Female;19/9/1970;ruflasfi@joesa.na;False
1061;Stephen Price;Female;26/11/1974;gihawbuz@nimaro.bw;False
1187;Anthony Brown;Male;11/10/1963;kab@sa.qa;False
1227;Manuel Vasquez;Male;9/10/1981;sul@ri.tt;False
1562;Antonio Pope;Male;11/4/1959;egaoksis@se.nu;True
1323;Lena Wood;Male;6/2/1989;ejekobwo@vedbonpij.sy;False
1651;Leona Parsons;Female;14/11/1954;kemapog@esvepir.mc;False
1595;Willie Bowman;Female;24/8/1969;nacafama@asho.kr;False
1753;Eula Rivera;Female;15/9/1972;laek@na.pm;False
1524;Winnie Neal;Female;9/7/1995;tolgo@nowevma.py;False
1810;Eleanor Foster;Male;3/9/1956;wis@goh.pa;False
1851;Alan Burgess;Female;25/6/1953;las@noud.pr;True
1591;Eunice Ingram;Female;9/5/1999;ceje@pofhuhsub.gq;True
1243;Alexander Jensen;Male;7/9/1954;hic@hu.er;False
1432;Hunter Moore;Female;9/3/1981;gacheh@lu.by;True
1650;Ora Barrett;Female;24/2/1987;af@jomseg.pe;True
1624;Charlie Griffin;Male;6/6/1963;utosu@co.mn;True
1386;Lenora Newman;Female;26/8/1997;sisivvu@nagpoig.fj;False
1672;Tommy Campbell;Female;14/7/1954;aribfo@vo.mz;True
1935;Luis Francis;Female;15/1/1999;ecavuluk@nev.it;False
1226;Augusta Curtis;Male;4/7/1955;epova@puwipi.lk;False
1376;Russell Murray;Female;11/4/1975;ejlen@jamu.se;True
1816;Gussie Grant;Female;8/4/1998;rog@kasittu.pg;False
1433;Lettie McKenzie;Male;19/2/1971;fa@leh.mt;True
1171;Eliza Walsh;Male;19/12/1961;lankiod@dogitel.kg;False
1732;Lloyd Butler;Female;17/12/1977;ceziznep@uweerejer.co;False
1201;Laura Gray;Female;26/10/1967;jadop@padogot.ug;False
1581;Olive Robertson;Female;2/1/1973;wofadra@avkaro.net;True
1954;Clara Yates;Female;29/11/1959;wewlo@puwnis.sj;True
1236;Nathaniel Garza;Female;31/10/1969;apagawne@cigzane.nf;True
1486;Mittie Douglas;Male;11/11/1953;uma@ojvuri.es;False
1306;Cora Sullivan;Female;7/3/1969;nudfuf@pejdozej.kh;True
1582;Mark Simon;Female;18/4/1999;zocok@red.np;True
1476;Augusta Hampton;Female;26/6/1971;laspu@ajewasi.nu;False
1111;Joe Hart;Male;5/1/1998;ne@daveka.ru;True
1261;Evan Buchanan;Male;3/11/1954;fuacedu@igakut.fi;False
1985;Charlotte Robertson;Male;9/9/1961;vuble@pagruj.ee;False
1728;Hunter Rice;Male;6/2/1968;itujuzve@ha.nu;True
1456;Nellie Lawson;Male;24/10/1994;unkabi@luhew.td;True
1580;Isabella Buchanan;Female;8/3/1960;uscitgar@batihkig.mh;True
1446;Cameron McLaughlin;Female;12/12/1998;peguj@zogcifgu.ke;False
1618;Alma Mitchell;Female;8/5/1980;seg@pikre.sd;True
1815;Daniel Daniel;Male;3/2/1968;em@de.ad;True
1090;William Willis;Male;31/1/1992;rehal@dejud.ax;False
1092;Lela Alexander;Female;22/5/1995;vazeju@ijdicuwu.ma;True
1837;Phillip Santos;Male;2/6/1980;igeva@pinsiroci.dz;True
1320;Leah Stevenson;Male;25/8/1958;ulwowi@irseec.cn;False
1390;Angel Lynch;Male;27/9/1967;wab@ope.cg;False
1258;Adeline Burke;Male;24/8/1977;vatjeupi@bukvihjad.eg;True
1135;Anne Ballard;Male;26/1/1999;ubjuda@riowfuf.nl;False
1142;Juan Russell;Male;13/10/1991;wi@da.bi;True
1305;Sean Sandoval;Female;29/3/1992;lehla@tenpuso.co.uk;True
1933;Kenneth Hanson;Female;24/12/1997;rec@huaviaw.sn;False
1898;Ethan Tran;Male;22/11/1963;rabwajdol@tocifton.gd;False
1441;Matilda May;Male;17/10/1979;wup@wihzupi.bh;True
1855;Harry Gonzalez;Female;30/12/2000;uzciclog@dubvek.ac;False
1163;Sarah Meyer;Male;3/5/1977;nezkav@hovhe.ie;False
1759;Mae Adkins;Male;12/5/1960;renriuf@ti.er;True
1411;Joel Huff;Male;22/3/1954;ludmuam@ijzolzim.lt;False
1335;Amelia Tucker;Female;14/5/1982;ova@ejte.hr;True
1126;Manuel Roberts;Male;2/8/1959;miihupu@gepe.tc;False
1519;Angel Gutierrez;Male;7/7/1994;zojigi@efidicbiz.no;False
1754;Jim Santiago;Male;17/9/1983;ulumoic@uzdo.tg;True
1382;Phillip Logan;Male;14/3/1973;uraicra@pec.gy;True
1858;Eula Spencer;Male;1/12/1962;jov@lawguh.gn;False
1268;Nathaniel Delgado;Female;6/9/1993;sowaf@rotebo.cx;True
1507;Amy Wolfe;Female;15/9/1964;ka@kun.sj;True
1030;Franklin Lambert;Male;7/1/1970;guwce@furiju.es;True
1508;Bessie Baker;Male;31/1/1969;ehpoz@ruonu.ga;False
1052;Charles Sullivan;Male;13/6/1999;depjise@dip.eh;True
1109;Willie Maxwell;Male;4/10/1970;paf@kija.zm;True
1492;Jacob Simon;Female;8/7/1996;omdoreh@gap.de;True
1242;George Berry;Male;21/12/1968;gokvogur@tagsacbuz.gy;True
1869;Lydia Gill;Male;24/10/1976;ajetucu@hecnoko.org;True
1675;Gussie Berry;Female;1/7/1978;lisisat@iv.gf;True
1161;Todd Valdez;Male;10/3/1977;poawe@upe.pl;False
1706;Gavin Stewart;Male;22/7/1957;ces@hucose.gb;True
1113;Lydia Schultz;Female;14/3/1983;sunmacnoj@imilu.ne;False
1940;Janie Byrd;Female;7/2/1989;osamu@bugotbe.bs;True
1795;Alvin Bush;Female;29/8/1971;suvamub@gonbu.nf;True
1528;Micheal Gill;Male;31/3/1991;riat@jab.sr;True
1678;Gavin Wilson;Male;15/12/1975;ug@pihkij.ir;False
1237;Dennis Castillo;Female;28/2/1963;seewe@veba.pe;False
1634;Jeanette Wheeler;Female;4/9/1978;baz@ac.bz;True
1857;Ellen Lucas;Female;4/11/1976;vipji@elijit.ao;True
1929;Mollie Pearson;Female;30/8/1956;en@kenusbip.ye;True
1859;Cecelia Matthews;Female;25/12/1967;monkata@japzun.org;True
1169;Hattie McDonald;Female;11/6/1959;unbuuve@ulaomka.al;True
1410;Julia Ortega;Male;29/8/1956;kowkujes@geche.ci;True
1281;Lottie Cunningham;Male;27/1/1954;sog@norlum.sm;True
1632;Cordelia Duncan;Female;8/6/1964;ris@tifvu.ar;True
1069;Myrtle Robertson;Male;12/12/1980;biwo@goarze.mu;True
1977;Mario Owen;Male;26/7/1970;be@egpohod.lc;True
1273;Matilda Phelps;Male;30/9/1954;mievo@ahuac.hm;False
1558;Dorothy Terry;Male;31/12/1997;loguve@bu.es;False
1561;Charlie Stone;Male;14/5/1963;ihepudez@jom.ke;True
1465;Lenora Johnson;Female;11/9/1960;dit@bajubu.rw;True
1059;Steven Ellis;Female;9/6/1971;pevev@koc.an;False
1498;Hunter Fox;Male;4/2/1979;piappo@haefaber.bj;False
1448;Edward McCoy;Male;24/11/1975;ic@jeser.tg;True
1671;Mike Weaver;Female;19/3/1987;tadole@pehlol.bz;True
1776;Bobby Hart;Female;23/8/1994;go@baobuak.fr;True
1823;Dale Hamilton;Female;22/10/1980;oha@kepalhil.at;False
1992;Emily Carroll;Female;2/7/1987;concib@bakiip.fj;True
1473;Frances Hopkins;Female;29/1/1954;ako@mamuc.dz;False
1884;Cody Mendoza;Female;29/4/1960;elak@fohet.gs;True
1907;Birdie Evans;Male;14/9/1975;ipamacgiz@wam.gs;False
1681;Nathaniel Floyd;Male;12/9/1971;on@jikoc.iq;True
1891;Willie Carson;Female;28/1/1969;zijohub@gumvakudi.it;False
1165;Mabel Aguilar;Male;3/1/1991;kipir@johobfu.bn;False
1285;Rosie Richards;Male;22/4/1988;puegzif@hemuaji.rs;True
1475;Dominic McLaughlin;Male;26/4/1981;nihemame@ocegeoko.sx;True
1300;Sean Roy;Male;30/6/1956;ne@ufe.gm;False
1983;Blake Greene;Female;15/5/1975;muiwsu@esaviteca.gn;True
1054;Earl Atkins;Female;23/7/1981;umiahufo@elirig.rs;False
1895;Georgia Sims;Female;11/8/1966;korik@nevo.ls;False
1968;Gilbert Cruz;Female;18/5/1957;usdu@ca.tr;True
1029;Leah Griffith;Female;6/2/1980;medikini@jepiv.tr;True
1288;Agnes Carroll;Female;28/9/1967;sol@doze.gw;True
1852;Jared Barnes;Male;3/4/1990;motlom@gakmiw.com;False
1347;Cornelia Powers;Female;6/6/1969;fildufuh@ve.td;True
1216;Alice Garza;Female;21/10/1963;jev@sarem.bs;True
1322;Barry Potter;Male;23/5/1977;irjezdoh@dorob.sg;True
1957;Rachel Mack;Male;11/10/1954;calmi@ito.so;True
1158;Sara Lynch;Male;20/6/1995;cad@po.pm;False
1238;Cody Fernandez;Female;3/12/1962;lim@okri.eu;True
1403;Russell Fields;Male;1/5/1996;gufrujba@kegpid.ar;True
1822;Lizzie Jennings;Female;15/3/1964;nasutka@hatcahag.fj;False
1193;Cory Franklin;Female;30/7/1975;redejazi@azuve.lu;True
1657;Ida Flowers;Male;15/11/1990;mi@ahziizo.th;False
1959;Justin Riley;Male;25/12/1982;juum@vole.co.uk;True
1284;Christina Higgins;Male;4/1/1968;ab@sigheov.gf;True
1868;Harold Gonzales;Male;11/2/1966;pogkozjiv@vemsap.by;True
1197;Nicholas Collier;Male;5/2/1969;te@bogos.ao;True
1945;Cecilia Cross;Male;9/7/1958;tezohaz@bullovob.md;False
1888;Charlie Cox;Female;13/5/2000;hocewo@bel.dz;False
1778;Dustin Page;Male;18/2/1965;lu@zonfof.sc;True
1594;Wayne Carpenter;Female;10/9/1969;jusi@wed.sh;False
1559;Laura Black;Male;26/12/1965;buwo@kipu.gt;True
1299;Elva Sims;Male;28/12/1969;misu@ihvuscal.sd;True
1994;Marc Warner;Male;27/9/1967;azatin@her.ai;False
1336;Mario French;Male;14/8/1977;ige@pona.pw;False
1677;Dora McBride;Female;2/8/1980;wumker@nuv.ps;False
1843;Alexander Morrison;Male;4/9/1964;sazuhwig@wudbo.dz;False
1096;Ivan Bradley;Male;27/1/1975;miszis@kuagaan.tn;False
1998;Katie Mitchell;Male;3/2/1986;ukocof@ohke.ve;True
1703;Lou Tran;Female;6/8/1991;tibteh@fulu.fr;False
1195;Marvin Dixon;Male;27/8/1972;riur@jeg.to;True
1210;Glen Fields;Female;15/1/1957;cufok@rid.rw;False
1097;Lottie Harper;Female;20/6/1968;icohen@dobfifur.sv;True
1781;Donald Wilkins;Female;22/1/1985;cakovho@puhuju.by;True
1592;Tommy Bates;Female;30/9/1982;popfi@res.ba;True
1872;Owen Schneider;Female;24/6/1981;woruvvo@dese.ci;True
1576;Alberta Bennett;Male;2/5/1972;uccekozi@hujnu.al;True
1183;Isaiah Hayes;Female;29/4/1967;ah@lohilni.tr;True
1676;Arthur Jones;Male;4/1/1997;vuvo@hog.vg;True
1423;Ruby Chambers;Male;23/3/1983;muriv@ruhuhrud.gu;False
1463;Belle Peterson;Male;14/12/1989;vigil@suvuna.ky;False
1443;Harry Diaz;Female;20/1/1991;of@rit.re;False
1449;Nathan Parker;Female;20/6/1954;vodla@bezdedrez.dj;False
1821;Hettie Woods;Female;26/5/1975;fosnoh@bibpabib.kh;True
1551;Alfred Thornton;Female;12/7/1973;cagtewe@upfed.mc;False
1825;Leo Atkins;Female;28/12/1967;sijmom@daj.hn;False
1198;Dorothy Nash;Female;27/2/1966;nuideta@joled.ai;False
1980;Jay Murphy;Female;5/3/1958;ho@new.ky;False
1762;Marvin Newman;Female;11/1/1988;ez@mabtuoze.md;True
1159;Virginia Shaw;Female;19/5/1982;jobodujot@vauceca.gy;True
1936;Martin Strickland;Female;5/12/1991;zek@zonir.at;False
1654;Estella Boone;Female;23/5/1970;uldulbo@fica.ps;True
1329;William Martinez;Male;24/8/1982;no@nu.bv;True
1493;Fred Reyes;Female;17/6/1966;uducakeru@te.uy;False
1926;Estelle Baldwin;Male;10/12/1957;je@duf.ca;False
1918;Katherine Perez;Male;3/2/1961;ukaufagu@wuvug.sl;False
1984;Marcus Vargas;Female;28/10/1991;puguga@aszud.mr;True
1767;Lewis Rhodes;Male;4/4/1957;lus@dolepul.tf;False
1622;Eva Reynolds;Male;1/4/1987;soekubeb@uro.vc;True
1981;Isabel Holt;Female;13/10/1997;foftut@bajjeppag.ec;True
1596;Willie Craig;Female;28/7/1999;ejimus@eg.bh;True
1434;Jonathan Harris;Male;16/7/1957;vasfenjes@lemope.tg;True
1180;Birdie Gonzalez;Male;15/12/1998;ha@limnuoko.mv;False
1017;Maurice Herrera;Female;23/4/1953;dancaf@uzazican.th;False
1513;Jerry Waters;Male;16/2/1965;pec@ce.cr;False
1264;Ethan Miller;Female;16/4/1989;hubfo@nejis.dm;True
1990;Frances Vargas;Female;21/7/1986;igeak@aro.sr;True
1460;Pauline Atkins;Female;1/3/1975;kiwko@caza.mz;True
1211;Peter Spencer;Male;8/2/1980;ba@to.ng;True
1903;Alta Harrington;Female;20/2/1965;veg@cime.it;True
1255;Emma Romero;Female;20/10/1954;bulecvu@kavrera.cn;True
1094;Emily Nunez;Male;4/7/1973;suwab@fedma.fo;True
1764;Benjamin Murphy;Male;10/7/1968;upued@co.lv;False
1881;Cole Underwood;Male;12/7/1989;ce@cicra.iq;False
1583;Alvin Frank;Male;14/10/1971;kirji@ogo.am;True
1440;Jeremiah Ford;Male;14/9/2000;na@fur.zw;False
1478;Birdie Christensen;Male;8/7/1998;nubapa@mopmighaw.es;True
1734;Craig Copeland;Male;20/2/1969;wumewne@buabarun.kw;True
1043;Mable Barton;Male;9/12/1968;buichol@meazfeb.na;True
1428;Eliza Figueroa;Male;19/9/1990;pikanbif@ehe.tm;False
1024;Jared Garrett;Male;21/10/1969;cibikve@rasufzor.tj;True
1015;Cecelia Watts;Female;5/2/1972;op@liazwoc.ee;False
1047;Leonard Brock;Female;26/9/1987;ni@kinaw.kw;False
1549;Stephen Malone;Female;16/4/1961;jinke@lizfu.ph;True
1262;Don Greene;Female;6/6/1957;div@sa.ai;False
1326;Carlos McCarthy;Female;9/4/1965;nicukeha@irhad.tl;False
1688;Mason French;Female;26/1/1957;isise@zelilonid.jm;True
1102;Lula Munoz;Female;11/10/1976;mu@dozid.bw;False
1363;Henrietta Bass;Female;26/10/1990;tarcij@hadawbid.bf;True
1260;Adeline Clayton;Male;19/9/1989;den@tin.cl;True
1303;Agnes Cole;Male;14/12/1994;rurnog@me.ml;True
1643;Harry Day;Male;30/11/1963;ej@nuh.io;True
1648;Steven Barker;Male;14/10/1968;decmubebo@ow.bw;False
1116;Landon Martin;Male;18/5/1965;ha@tuigej.li;False
1413;Fanny Elliott;Male;24/2/1954;olacekok@otupu.to;False
1598;Samuel Ward;Male;19/9/1984;ovro@na.lc;False
1978;Thomas Ray;Female;18/1/1982;pa@gurunwip.gm;True
1004;Helen McKinney;Male;20/8/1978;sunijuc@sidha.lb;True
1385;Lizzie Ryan;Male;10/1/1976;bifig@ivsu.mc;False
1450;Violet Gonzalez;Female;2/5/1958;mipnu@ca.mz;True
1412;Fanny Willis;Female;17/6/1988;ebaceh@sidad.py;False
1374;Amelia Taylor;Female;21/3/1956;pen@ci.md;False
1357;Rosa Becker;Female;3/10/1967;uv@apeza.mp;False
1685;Walter Griffin;Female;12/5/1955;tilce@mig.ws;True
1082;Emily Hart;Male;13/1/1987;zi@gu.tf;False
1404;Nancy Diaz;Female;8/8/1961;riw@ehbin.fm;False
1277;Bill Stone;Male;25/6/1977;nupew@puv.as;False
1707;Rosie Sharp;Male;15/4/1985;zotecez@iru.us;False
1384;Clifford Knight;Female;13/7/1995;inka@wamejhat.km;False
1245;Ella Campbell;Female;30/8/1963;ujuhso@ni.hk;False
1538;Gerald Aguilar;Female;28/8/1955;ce@likfad.lu;False
1308;Lloyd Rowe;Female;13/8/1970;jawgawum@usudiz.gg;True
1115;Clifford Nichols;Male;26/10/1975;ede@hen.ms;True
1894;Gertrude Atkins;Female;24/12/1990;gaikho@ilronvog.jp;True
1481;Bettie Vasquez;Female;16/9/1997;mumafkaf@niwojhic.bh;False
1388;Rosa Peterson;Male;28/8/1956;elo@beic.bi;True
1067;Gavin Graves;Female;23/12/1990;fo@mifniwo.vi;True
1931;Juan Ruiz;Male;6/3/1961;je@uge.tn;False
1911;Johanna Gutierrez;Male;16/4/1965;ditih@hat.bg;True
1805;Lola Ortega;Male;6/10/1999;owfa@redre.ve;False
1342;Jonathan Parsons;Male;6/4/1998;seg@pet.bf;False
1958;Oscar Hall;Male;19/8/1953;avi@ipwoz.sh;True
1297;Ollie Green;Female;20/10/1972;awu@ol.cn;False
1229;Ida Black;Female;16/2/1994;avugifu@futu.si;False
1791;Elnora Haynes;Male;10/5/1958;pezhit@gurauc.sm;False
1604;Nina Douglas;Female;3/12/1999;cidmoswa@forzitru.gs;False
1461;Dollie Houston;Female;27/2/1974;rizibe@amroid.ae;True
1057;Leila Brooks;Male;1/12/1978;rokjono@awtuzov.bv;False
1737;Michael Parsons;Female;7/1/1967;uzvumji@cikizka.ci;True
1231;Maggie Lee;Female;30/6/1953;sir@vurod.ac;True
1847;Willie West;Male;26/12/1998;vol@ma.hu;True
1736;Elmer Harrison;Female;3/8/1993;su@hona.ae;False
1353;Barry Watkins;Female;3/8/1964;faigufes@mouvurir.no;True
1973;Lydia Harris;Female;10/3/1960;hofrodsa@ujowabo.pn;False
1105;Bryan Bridges;Male;16/7/1964;ovobe@cemwa.de;False
1062;Alma Hughes;Male;25/4/1986;kiotro@som.us;True
1458;Lucy Murphy;Male;27/7/1971;jotfa@zu.km;True
1536;Eunice Valdez;Male;29/3/1990;sev@nac.pk;True
1758;Vera Fowler;Female;6/3/1981;eredu@vewkuma.nz;True
1866;Harold Reese;Female;21/12/1961;wat@agi.io;True
1824;Lottie Hansen;Female;24/6/1994;ca@woj.cm;True
1063;Ethel Sparks;Female;9/2/1965;ija@nocodte.sr;False
1849;Rhoda Baldwin;Male;14/11/1993;co@noczemar.lc;False
1729;Lura Mullins;Female;28/9/1997;pecugbo@picri.pk;False
1256;Myra Casey;Male;26/12/1968;tosu@wapi.pf;True
1392;Robert Young;Female;19/2/1992;esdo@vok.it;False
1964;Warren Jordan;Male;25/6/1988;sisrehsiv@ne.cd;True
1190;Olivia Norton;Male;25/4/1996;lawa@titfo.bh;True
1836;Rodney Morales;Female;16/3/1985;pabi@copef.ru;False
1569;Milton Duncan;Female;4/4/1969;owu@jivwiwid.vi;True
1505;Dora Cross;Male;5/9/1974;javawo@kihosvak.mq;False
1500;Francisco Thompson;Male;5/8/1954;ma@ipiekkog.hn;True
1744;Rosa Duncan;Male;28/1/1976;di@ka.gov;True
1341;Susan Simpson;Female;11/2/1993;efeje@tuwgo.gr;False
1938;Nancy Lynch;Female;27/12/1966;awpugke@vilwoba.az;False
1684;Rosa Kelly;Male;15/8/1972;be@uc.gq;True
1074;Gary Sandoval;Male;8/2/1986;holucegi@wev.np;True
1419;Bettie Richards;Male;13/3/1997;fucufen@motekruj.mm;False
1683;Earl Wade;Male;5/9/1983;vukdi@guso.gm;False
1290;Bettie Riley;Female;1/11/1987;fatef@ur.sd;True
1396;Paul Schmidt;Male;3/10/1965;ucetud@ej.jo;True
